User_Id,Place_Id,Place_Ratings
171,224,0.25
94,188,0.5
137,126,1.0
242,292,0.75
87,308,0.5
160,313,0.25
111,118,0.25
49,210,0.25
152,18,0.0
85,363,0.0
233,402,0.5
293,276,0.75
186,6,0.5
193,50,1.0
63,21,1.0
289,434,0.5
86,2,0.75
138,239,0.75
274,4,0.25
106,38,0.5
192,399,0.25
258,430,0.75
200,107,0.25
109,366,0.75
26,318,0.75
114,39,0.5
129,207,1.0
116,385,0.5
65,375,0.25
180,410,0.0
10,218,0.25
21,213,1.0
41,416,1.0
146,360,0.75
230,151,0.75
112,247,0.5
295,340,0.25
18,316,0.75
96,55,0.25
294,130,1.0
125,364,1.0
220,301,0.0
39,271,0.5
127,223,0.75
125,64,0.0
122,43,0.25
172,399,0.0
293,55,0.75
96,285,0.0
32,195,0.25
233,119,0.75
3,102,0.25
225,248,0.75
223,142,0.0
175,396,0.0
159,250,0.5
167,231,0.5
198,410,0.0
21,332,0.25
284,381,0.75
155,413,0.75
236,87,0.5
72,230,0.5
173,9,0.25
36,338,0.25
182,117,1.0
74,324,1.0
294,107,0.25
168,104,0.75
229,191,1.0
249,282,0.0
48,26,0.0
284,247,0.75
68,17,0.0
108,381,0.0
227,18,0.5
91,102,1.0
211,345,0.0
264,248,1.0
174,329,0.5
266,379,0.75
162,14,0.0
128,403,1.0
83,175,0.0
106,436,0.25
20,132,0.5
142,249,0.0
188,335,0.5
227,8,0.25
148,356,0.5
188,321,1.0
261,381,1.0
226,353,0.5
289,102,0.75
26,192,1.0
115,283,0.25
73,369,0.25
177,189,0.25
113,46,0.5
16,131,0.5
58,178,0.0
192,105,0.75
197,327,0.25
237,186,0.0
12,34,1.0
4,121,0.5
203,430,1.0
109,109,0.5
45,333,0.5
142,258,0.75
226,198,0.0
136,34,1.0
35,190,0.25
240,172,1.0
134,371,0.5
116,397,0.75
84,301,0.0
269,403,0.0
249,274,0.75
39,411,0.75
21,227,0.5
76,430,0.5
284,290,1.0
50,383,0.25
65,388,0.0
78,388,0.75
40,88,0.75
90,11,1.0
215,413,0.25
283,35,1.0
212,64,1.0
284,352,1.0
253,223,0.75
133,86,0.0
255,184,1.0
46,63,0.25
13,249,0.25
112,277,0.5
43,336,0.5
127,144,0.75
271,275,0.0
288,398,0.75
18,110,0.5
226,161,0.5
51,246,0.0
294,363,1.0
177,392,0.5
225,58,0.5
54,237,1.0
226,334,0.5
153,177,0.75
267,292,1.0
110,20,0.75
223,345,0.5
153,140,0.0
138,254,0.75
32,308,0.5
234,429,0.25
67,206,0.75
9,206,0.5
52,185,1.0
91,337,1.0
31,343,0.75
6,77,0.5
58,225,0.0
188,191,0.25
185,234,0.75
216,64,0.5
284,31,0.25
220,63,0.5
264,156,0.75
253,90,0.25
30,87,0.25
118,210,0.5
268,385,0.0
97,397,0.5
112,401,0.75
4,59,0.75
54,115,0.25
293,409,0.75
281,123,1.0
28,130,0.25
60,79,0.75
61,70,0.0
103,383,0.75
141,338,0.25
81,296,0.0
276,335,0.5
225,287,0.0
220,368,1.0
272,241,0.0
103,365,0.0
38,361,0.75
191,203,0.5
10,2,1.0
214,125,1.0
234,369,0.75
20,29,0.5
262,126,0.75
275,12,0.25
268,123,0.0
243,273,0.75
103,50,0.25
267,133,0.0
229,378,0.25
32,194,0.5
184,300,0.75
115,2,0.25
144,395,0.0
226,205,0.0
75,361,0.5
297,381,0.25
140,247,0.75
244,196,0.5
288,404,0.0
148,220,0.0
201,429,1.0
190,183,0.25
90,169,0.25
274,234,0.5
33,123,0.75
244,62,0.25
228,367,0.25
273,303,1.0
86,40,0.25
204,286,0.75
201,170,1.0
53,370,1.0
238,239,0.5
262,199,1.0
236,123,0.75
168,328,1.0
163,79,0.0
100,431,0.5
287,111,0.5
254,9,0.5
142,48,0.5
207,412,1.0
0,8,0.25
155,314,0.5
44,265,0.5
214,379,0.75
295,413,1.0
283,420,0.25
18,223,1.0
70,67,0.0
123,82,1.0
136,53,1.0
124,212,0.75
260,162,0.5
169,23,0.25
264,210,0.5
189,334,0.25
176,345,0.5
142,273,1.0
141,191,1.0
104,276,0.0
84,403,0.75
221,8,0.75
220,274,0.25
183,112,1.0
20,138,0.25
177,263,0.5
160,235,1.0
59,219,0.0
38,376,0.75
217,227,0.25
259,398,0.75
67,238,0.25
14,177,0.5
5,128,0.25
243,212,0.5
279,285,0.0
88,212,0.5
171,318,0.25
172,341,0.0
192,88,0.75
106,86,0.25
194,250,0.75
193,92,1.0
270,76,0.75
233,206,0.75
77,263,0.75
72,325,0.25
98,422,0.75
148,433,0.5
69,380,0.25
220,353,0.25
167,193,0.0
251,11,0.75
269,41,0.0
293,403,0.75
50,233,0.75
288,292,0.75
53,113,0.5
104,150,1.0
3,97,0.25
260,291,0.5
287,57,0.0
197,293,0.25
102,337,1.0
276,318,1.0
247,360,0.25
299,348,0.5
75,267,0.75
89,370,1.0
9,113,0.25
269,56,1.0
93,22,0.25
66,108,0.75
214,40,0.25
169,270,0.25
125,434,1.0
246,35,0.25
286,56,1.0
101,196,0.0
105,205,0.25
58,199,0.25
65,74,0.75
148,411,0.0
267,421,1.0
81,65,1.0
110,138,0.0
178,215,0.25
176,397,1.0
263,124,1.0
192,81,0.0
149,17,0.75
228,99,1.0
145,157,0.0
288,14,0.0
7,173,0.5
239,81,0.75
205,212,0.0
144,116,0.75
90,358,0.5
5,120,1.0
153,388,0.0
77,282,1.0
260,383,0.5
227,355,0.5
222,157,0.75
266,246,0.0
78,232,1.0
193,191,0.0
167,66,0.25
5,140,1.0
282,181,1.0
63,135,0.5
31,137,0.5
2,79,0.75
1,31,0.75
206,302,0.5
22,29,1.0
264,109,0.0
92,389,1.0
16,213,0.25
226,296,0.75
43,94,0.75
282,340,1.0
279,318,0.0
295,234,0.0
200,333,0.5
33,301,0.5
143,256,0.25
257,276,0.5
288,6,0.25
257,325,0.75
75,425,0.0
260,414,0.5
221,124,0.0
164,363,0.25
245,145,0.0
49,118,0.5
118,56,0.25
60,388,0.0
34,175,1.0
186,118,0.75
285,176,0.0
146,144,0.25
140,178,0.5
59,431,0.75
87,372,0.0
130,395,0.5
275,136,0.0
190,306,0.0
17,292,0.25
74,221,0.5
157,317,1.0
168,280,0.0
20,88,1.0
238,366,0.75
281,35,0.5
35,207,1.0
48,101,0.75
113,213,0.25
211,34,0.5
239,93,0.5
153,142,1.0
65,66,0.75
50,165,0.25
209,172,0.5
106,208,0.75
296,172,0.75
294,183,0.0
35,281,0.5
112,257,0.0
156,322,0.5
42,235,1.0
288,39,0.0
249,112,0.25
292,111,0.25
109,355,0.0
111,19,0.75
135,260,0.25
117,60,0.25
120,209,0.5
90,421,1.0
207,113,0.75
71,378,0.25
181,301,0.25
124,263,0.5
27,249,0.75
123,254,0.25
121,283,0.5
75,235,0.25
186,133,0.5
75,81,0.5
115,398,0.5
70,364,0.5
144,158,0.5
9,195,0.75
46,340,0.0
238,304,0.5
5,131,0.25
226,128,0.25
23,74,0.25
61,70,0.75
169,140,0.25
11,23,0.75
93,131,0.25
174,249,0.75
200,427,0.75
40,145,0.75
187,57,0.25
198,226,1.0
151,373,0.25
73,430,0.5
16,140,0.75
212,69,0.25
142,422,0.75
120,156,0.75
143,122,0.75
44,29,1.0
204,189,0.75
13,166,1.0
14,261,0.75
227,373,1.0
187,200,0.0
142,333,1.0
1,29,0.25
82,227,0.0
16,65,0.25
238,261,1.0
63,175,0.75
203,315,0.25
11,224,1.0
125,380,1.0
265,241,0.75
259,99,0.25
199,177,0.25
87,199,0.0
132,114,0.25
97,430,1.0
28,256,1.0
286,108,0.25
121,262,0.75
272,283,0.75
296,47,0.25
66,219,0.25
101,247,0.25
23,150,0.75
178,108,1.0
202,139,0.5
207,426,0.5
39,231,0.75
167,301,0.75
85,363,0.75
28,287,0.5
10,213,1.0
26,367,0.25
204,148,0.5
70,80,1.0
68,403,0.5
129,122,1.0
211,79,0.5
136,420,0.5
193,86,0.0
67,373,1.0
271,248,0.0
174,19,1.0
216,320,0.25
37,60,0.5
107,429,0.75
63,75,0.25
174,318,0.5
119,90,0.75
123,237,0.0
172,192,0.5
136,396,0.25
279,163,1.0
55,217,1.0
286,73,0.0
50,278,0.0
203,92,0.5
96,317,0.25
103,141,0.0
166,280,0.5
81,9,1.0
183,245,0.0
58,146,0.75
36,280,0.25
174,415,0.5
180,412,0.25
133,375,0.5
172,175,1.0
217,253,0.0
255,26,1.0
106,7,0.75
136,433,0.75
208,374,1.0
34,15,0.25
250,212,0.25
113,316,0.25
120,136,0.0
296,373,1.0
128,29,0.75
161,378,0.25
189,42,0.25
71,33,0.75
110,70,0.5
231,101,0.25
179,315,0.0
7,9,1.0
157,348,1.0
102,257,1.0
25,364,1.0
37,273,1.0
51,157,0.0
148,80,0.25
23,346,0.75
80,221,0.75
158,111,0.0
285,375,0.75
0,13,1.0
286,327,0.5
249,92,1.0
215,215,0.75
22,140,0.75
71,134,0.25
272,207,0.25
7,163,1.0
62,222,0.0
111,85,0.0
2,80,1.0
49,250,0.5
226,192,0.0
24,83,0.5
224,121,0.0
287,44,1.0
14,206,0.25
185,221,0.75
153,125,0.25
259,313,0.75
250,177,0.5
258,47,0.0
229,396,0.0
259,307,0.5
232,42,0.75
11,223,0.5
17,229,0.75
295,329,1.0
106,23,1.0
231,50,1.0
71,331,0.75
268,356,1.0
253,428,0.25
189,389,1.0
15,130,0.75
47,328,1.0
285,154,0.0
43,333,0.75
115,57,0.75
1,30,1.0
108,171,0.75
110,397,1.0
159,307,1.0
272,242,0.25
221,263,1.0
64,344,0.0
38,46,0.5
8,179,0.5
172,104,0.5
238,75,0.0
4,44,0.5
248,19,0.0
289,386,0.75
264,133,0.5
179,310,0.75
231,146,1.0
135,327,0.0
82,169,0.5
203,318,0.5
226,223,0.75
287,76,0.25
133,37,0.5
100,435,0.5
201,291,0.25
213,12,0.25
133,179,0.5
181,146,0.25
38,34,0.75
136,196,0.5
285,336,0.0
139,185,0.0
3,96,0.25
286,407,0.25
148,335,1.0
193,370,0.75
69,293,0.5
266,146,0.25
102,244,0.25
189,289,1.0
9,76,1.0
217,142,0.75
43,325,0.75
134,387,0.5
42,68,1.0
202,227,0.25
123,384,0.25
197,121,1.0
98,361,0.25
189,304,0.0
136,30,0.0
1,33,0.75
210,247,0.5
146,261,0.25
94,141,0.25
120,55,0.25
191,279,0.5
180,345,0.75
243,243,0.25
223,127,1.0
158,129,0.0
43,185,0.5
48,0,1.0
286,226,0.75
140,54,0.75
127,321,1.0
45,174,1.0
43,249,0.25
235,280,0.75
1,51,0.25
73,305,0.5
99,258,0.5
88,294,0.5
54,71,0.5
260,9,0.0
245,22,1.0
199,135,0.75
263,326,0.0
90,18,1.0
225,258,0.25
76,221,0.25
259,307,0.75
159,30,0.25
136,317,0.0
14,259,1.0
18,310,1.0
249,38,1.0
129,401,0.75
295,423,0.25
157,42,0.25
279,66,0.25
67,103,0.0
296,37,0.5
196,396,0.25
46,334,0.5
191,126,0.0
225,42,0.0
275,60,0.0
106,73,0.5
174,50,0.75
122,36,0.25
281,100,0.75
173,37,0.25
30,25,0.5
46,399,0.25
141,274,0.5
74,434,0.25
22,86,1.0
254,282,0.25
90,19,1.0
228,343,0.0
261,91,0.75
29,3,0.5
190,227,0.5
206,210,1.0
215,411,0.75
207,288,0.75
161,157,0.75
130,138,0.75
181,293,0.75
15,271,0.25
246,60,0.0
105,241,0.5
277,66,0.25
36,387,0.75
174,8,0.25
144,389,0.5
151,3,1.0
175,172,0.0
255,240,0.0
205,427,0.5
8,189,0.75
190,314,0.75
223,270,0.25
96,82,0.75
108,385,0.5
90,250,1.0
267,90,1.0
25,261,0.5
61,286,1.0
21,0,0.75
247,118,0.25
259,61,0.75
210,213,1.0
21,56,0.5
41,90,0.25
294,12,0.5
234,282,0.5
269,60,0.0
66,421,1.0
26,281,1.0
99,41,0.25
299,10,1.0
172,386,0.75
229,134,0.75
92,380,1.0
10,218,1.0
192,371,0.75
278,220,1.0
266,295,1.0
62,209,0.75
159,268,0.25
289,62,0.75
74,170,0.75
105,392,1.0
161,337,0.5
25,62,0.75
110,106,1.0
102,382,0.0
15,49,0.25
133,266,0.75
130,236,0.25
33,10,0.5
203,267,0.5
18,311,0.75
126,0,0.75
43,302,1.0
248,294,0.0
250,128,0.0
266,199,1.0
192,60,0.5
77,122,0.75
123,380,1.0
3,91,1.0
266,340,0.0
207,129,0.75
54,285,0.75
215,185,0.5
31,385,1.0
8,192,1.0
12,23,0.75
223,83,0.25
72,77,1.0
179,399,0.0
3,94,1.0
73,64,0.25
254,136,0.5
157,325,0.0
254,151,1.0
6,90,1.0
204,168,0.0
296,177,0.25
120,430,0.25
77,220,0.25
293,25,0.25
233,163,1.0
267,327,0.75
31,19,0.5
109,208,0.75
155,347,0.75
61,137,1.0
122,211,1.0
12,140,0.25
254,168,0.75
0,25,0.25
274,338,0.0
255,390,0.5
81,358,0.25
102,80,0.0
57,310,1.0
118,13,0.25
83,100,1.0
106,416,1.0
33,151,0.5
248,384,0.0
87,193,0.25
43,31,0.25
273,215,0.0
245,208,0.0
57,346,0.75
83,102,0.75
96,276,0.75
129,18,0.0
243,351,0.5
164,167,0.25
133,0,0.25
246,378,0.0
37,307,0.75
178,108,0.5
275,164,0.75
59,81,0.75
38,31,0.75
9,160,0.25
199,15,0.5
219,115,0.0
280,40,0.75
120,96,0.0
222,220,0.75
75,337,0.5
81,261,0.0
282,299,0.5
206,209,0.25
39,150,0.25
115,369,0.25
13,34,0.75
65,288,1.0
23,57,1.0
174,301,1.0
156,395,1.0
170,147,0.5
0,4,0.75
102,138,0.75
128,114,1.0
135,228,0.25
59,152,0.25
91,204,0.25
23,128,0.75
199,51,1.0
25,331,1.0
67,58,0.25
142,167,0.75
39,371,0.25
200,4,0.25
284,394,1.0
211,236,0.0
267,198,0.75
212,41,0.75
264,62,0.5
70,206,1.0
195,431,0.25
127,100,0.5
275,43,0.25
198,414,0.0
6,149,1.0
63,50,0.25
208,171,0.75
96,299,1.0
82,64,1.0
1,45,0.25
167,20,0.75
168,435,0.0
122,99,0.5
216,293,1.0
102,306,0.75
119,95,0.75
211,107,0.5
179,9,0.5
252,161,1.0
144,65,0.0
70,378,0.5
240,275,0.25
177,194,0.75
162,284,0.0
15,137,1.0
134,85,0.75
56,360,0.25
193,432,1.0
11,75,0.25
58,117,0.0
8,22,1.0
6,151,1.0
197,347,0.5
96,111,0.5
179,173,0.5
121,416,1.0
0,24,0.25
54,418,0.25
166,100,0.0
145,383,0.0
177,70,0.0
214,25,0.25
138,290,1.0
246,335,1.0
158,339,1.0
269,196,0.25
142,420,0.25
12,97,0.25
24,33,0.25
97,230,0.75
123,154,0.75
280,125,0.25
11,118,0.25
212,134,0.25
270,9,0.75
229,363,1.0
222,190,0.75
121,417,0.0
238,23,0.75
239,48,0.25
124,24,0.25
6,88,0.75
128,180,0.75
277,187,0.5
22,209,0.5
92,193,1.0
265,109,0.25
273,146,0.75
57,286,0.25
148,363,0.75
182,244,0.0
131,50,1.0
186,247,0.0
102,376,0.25
164,129,0.0
234,171,0.0
36,123,0.75
167,335,0.25
211,436,0.75
212,79,0.25
44,282,0.5
77,435,0.25
39,143,1.0
120,184,0.25
27,283,0.25
271,420,0.5
188,55,0.25
217,166,0.25
237,180,0.5
70,257,0.75
212,83,1.0
27,140,0.25
246,436,0.75
197,76,0.5
233,73,0.25
271,162,0.25
192,257,0.0
186,206,0.25
224,383,0.75
24,184,0.75
287,163,0.5
233,353,0.75
198,191,0.5
42,92,1.0
116,410,0.75
83,254,0.75
160,180,0.75
250,350,1.0
20,329,0.75
156,176,0.5
117,5,1.0
240,200,0.0
11,145,0.75
237,399,1.0
1,36,0.25
127,415,0.0
215,201,1.0
89,161,0.25
7,167,0.5
227,381,0.5
253,162,0.25
154,239,0.25
16,26,0.5
115,166,0.25
291,65,0.75
192,393,0.75
173,339,1.0
232,59,0.0
212,67,1.0
207,222,1.0
194,332,0.75
265,387,0.75
99,120,0.5
133,299,1.0
12,41,1.0
200,372,1.0
278,164,0.25
238,359,1.0
246,131,1.0
17,164,1.0
213,307,0.5
182,383,0.5
289,99,0.5
126,384,0.75
139,40,1.0
257,184,1.0
131,242,0.0
280,272,0.0
170,126,1.0
254,309,0.75
216,264,1.0
65,278,0.0
43,293,0.75
259,280,1.0
193,211,0.0
165,316,0.75
77,111,0.5
231,223,0.5
151,11,0.25
169,329,0.5
115,288,0.5
79,331,0.25
15,17,0.25
83,355,0.75
293,309,0.0
200,405,0.75
82,4,0.5
80,41,0.5
224,112,0.75
199,245,0.5
133,415,0.5
188,285,0.75
183,166,0.5
127,132,0.75
54,299,0.5
64,224,0.25
17,43,1.0
143,50,1.0
37,182,0.5
203,257,1.0
48,407,1.0
239,213,0.5
66,193,0.75
279,8,0.75
242,55,0.25
2,71,0.25
193,8,0.75
37,349,1.0
28,114,0.75
22,341,0.5
109,292,0.5
40,329,0.75
246,68,0.75
252,398,1.0
43,71,0.75
258,427,0.75
288,87,0.5
190,58,1.0
221,41,0.25
113,198,0.75
63,266,0.0
264,45,0.0
60,139,0.75
31,142,1.0
138,26,0.0
174,264,0.5
239,201,0.0
202,171,0.25
236,179,0.75
151,244,0.5
122,189,0.75
107,210,0.25
93,436,1.0
279,218,0.0
221,197,0.75
128,316,0.25
49,308,0.75
183,254,0.5
282,216,0.5
286,302,0.75
257,395,0.25
210,60,1.0
235,39,0.0
191,401,0.0
137,76,0.5
23,188,0.5
60,168,0.25
17,38,0.5
7,161,1.0
201,114,0.0
225,156,0.75
270,307,0.25
244,300,0.75
271,236,0.5
179,411,0.5
136,283,0.75
158,72,1.0
27,137,0.5
152,241,0.5
292,322,0.0
211,263,0.5
145,391,0.25
215,387,0.0
223,357,0.25
200,308,0.25
294,118,1.0
89,149,0.0
112,308,0.0
14,256,1.0
235,263,0.0
204,85,0.5
187,0,0.0
33,119,0.75
55,16,0.25
269,226,1.0
175,115,0.25
38,259,0.5
166,316,1.0
216,100,0.25
110,159,0.75
89,368,0.75
52,309,0.0
180,332,0.75
62,243,0.0
121,380,0.25
221,164,1.0
88,383,0.25
62,6,0.75
77,379,1.0
143,319,0.25
46,409,0.25
293,22,0.75
21,335,0.25
262,332,0.0
219,355,0.25
286,35,0.0
264,4,0.0
227,192,0.0
128,301,0.75
62,199,0.0
115,254,1.0
178,368,0.0
93,238,0.25
289,24,0.5
170,234,0.75
299,243,0.25
128,321,0.25
208,301,1.0
141,385,0.75
288,426,0.25
24,351,0.5
123,411,1.0
114,72,0.75
202,129,1.0
48,209,1.0
107,187,1.0
125,326,1.0
218,371,0.25
148,70,1.0
280,412,0.5
49,214,1.0
242,187,1.0
101,180,0.5
46,408,0.0
166,195,0.5
66,190,0.25
167,112,0.0
169,246,0.0
248,205,0.0
213,352,0.75
17,224,0.75
35,398,1.0
138,62,0.25
48,159,0.25
257,402,0.75
183,216,0.75
177,221,0.25
4,109,0.75
264,315,0.25
63,349,0.5
261,105,1.0
176,355,0.0
261,268,0.75
121,379,0.25
23,182,0.25
83,0,0.75
19,27,1.0
158,79,1.0
11,236,1.0
25,11,0.75
1,40,0.25
127,99,0.25
194,133,0.5
19,324,0.5
1,39,0.5
182,0,0.0
146,394,0.75
98,295,1.0
174,5,0.25
142,156,0.0
145,246,1.0
298,24,1.0
287,59,1.0
278,52,1.0
20,242,0.75
157,423,0.5
225,195,1.0
16,286,0.75
19,321,0.75
286,90,0.5
177,288,0.0
278,175,0.0
139,33,0.5
99,321,0.5
80,358,0.5
186,1,0.5
1,52,1.0
61,418,0.5
56,378,0.75
53,74,0.75
282,256,0.0
6,152,0.75
169,100,1.0
157,246,1.0
103,282,0.75
165,27,0.0
54,58,0.25
21,313,0.5
239,311,0.75
118,231,0.0
99,324,1.0
228,136,0.5
97,41,0.25
79,289,1.0
269,167,0.0
185,367,0.25
112,77,0.75
250,41,1.0
194,107,0.5
127,256,1.0
100,162,0.25
75,237,0.5
211,79,1.0
219,306,0.0
78,131,0.5
81,122,0.75
160,401,0.75
67,268,0.25
105,401,0.0
107,81,0.25
228,384,0.75
169,431,0.75
272,349,0.75
142,215,0.0
98,241,0.75
243,338,1.0
124,157,0.0
19,319,0.5
27,71,0.75
180,195,0.0
49,111,0.25
269,153,0.25
118,328,0.0
134,382,0.25
24,235,0.5
223,170,0.0
18,172,0.5
166,132,0.75
271,103,0.75
74,19,0.25
100,212,0.5
175,259,1.0
1,35,1.0
147,3,0.25
264,288,0.5
30,4,0.25
211,266,0.0
94,40,0.5
296,350,0.0
173,151,0.5
193,425,0.25
266,276,0.5
238,398,0.25
235,46,0.75
96,130,0.75
84,66,0.75
146,310,0.75
172,242,0.75
218,12,0.25
129,235,1.0
166,120,0.25
295,40,0.75
57,386,0.75
276,286,1.0
117,421,0.5
34,288,0.75
4,51,0.5
67,384,0.75
32,305,0.25
254,229,0.5
266,285,0.75
158,191,0.75
0,14,1.0
52,427,0.0
81,199,0.75
275,423,0.75
143,46,1.0
19,318,0.5
96,130,0.0
255,166,0.25
93,187,1.0
66,185,0.5
252,182,0.5
151,396,0.25
228,60,0.25
53,336,0.25
188,208,0.75
2,28,0.25
113,50,0.25
166,314,0.75
265,289,1.0
294,37,1.0
280,359,0.75
166,198,0.5
141,83,0.25
168,151,0.75
175,120,0.0
42,418,1.0
127,27,0.5
143,62,0.25
113,331,0.25
267,271,0.25
60,232,1.0
293,161,0.0
232,198,1.0
237,34,0.5
24,151,0.5
218,26,0.5
219,260,0.25
106,390,0.0
80,135,0.25
215,39,0.75
199,331,0.75
35,357,1.0
154,204,0.75
272,45,1.0
247,221,0.25
0,3,0.5
131,374,0.25
240,165,0.5
294,255,0.0
62,359,1.0
227,147,0.25
241,237,0.25
216,29,0.25
249,225,0.75
283,51,0.25
246,239,0.5
167,120,1.0
116,113,1.0
244,197,0.25
24,356,0.25
15,31,1.0
30,171,0.75
87,61,0.25
96,425,0.0
138,196,0.75
30,188,0.75
209,153,1.0
2,75,1.0
142,92,0.25
198,373,0.75
8,84,0.5
198,329,0.25
27,161,0.25
262,41,1.0
207,395,0.75
215,263,1.0
227,213,1.0
0,26,0.75
84,208,1.0
114,406,1.0
276,367,0.0
94,169,0.25
279,322,0.25
79,104,0.25
128,15,1.0
229,0,0.75
288,246,0.0
119,205,0.0
134,273,1.0
272,39,1.0
30,42,0.5
140,176,0.25
211,330,0.5
6,142,0.75
233,409,0.75
2,63,0.25
155,165,0.5
222,386,0.5
247,109,0.25
259,316,0.75
256,146,0.0
225,176,1.0
26,312,1.0
146,304,0.0
149,327,0.75
56,155,0.0
165,266,0.25
116,179,0.0
186,411,1.0
123,75,0.25
34,328,0.25
266,382,0.75
59,353,0.0
29,306,0.75
168,416,0.5
241,73,0.0
238,425,1.0
242,88,0.75
190,411,0.75
169,311,0.25
136,162,0.0
63,205,0.0
197,208,0.75
33,229,1.0
34,396,0.25
33,381,0.25
233,103,0.75
50,256,1.0
217,436,0.75
95,19,0.25
73,33,0.25
220,92,0.75
273,315,0.5
152,182,0.5
71,35,1.0
85,161,0.5
149,193,0.75
64,345,0.5
277,156,0.75
178,323,1.0
203,230,0.25
199,373,0.5
223,246,1.0
150,121,0.75
252,217,1.0
16,291,0.75
149,181,0.75
255,233,0.5
92,327,0.0
73,346,0.25
106,367,0.0
145,310,0.25
90,26,0.0
215,268,0.75
44,236,1.0
2,73,0.5
111,315,0.75
199,290,0.75
118,349,0.0
10,212,0.5
283,335,0.0
223,180,1.0
126,188,0.25
155,219,1.0
126,18,0.75
219,284,0.0
53,156,0.75
107,402,0.25
99,354,0.0
261,320,0.75
205,164,1.0
48,199,1.0
261,220,1.0
199,154,0.0
199,48,0.25
132,148,0.75
159,314,0.75
266,180,0.0
153,303,1.0
167,56,1.0
213,155,0.5
125,307,1.0
98,41,0.75
162,13,0.0
150,350,0.25
127,165,0.0
156,54,0.5
13,253,0.5
262,230,1.0
283,143,0.25
196,155,0.75
266,286,0.75
72,298,0.0
132,11,0.75
32,222,0.25
163,316,0.5
41,28,0.5
11,235,0.5
275,340,0.75
53,379,0.75
30,390,0.5
261,332,0.75
100,241,0.5
217,209,0.0
72,300,0.0
85,393,1.0
13,189,0.5
85,98,0.5
160,411,0.75
163,435,0.75
149,311,0.25
46,319,0.0
61,247,1.0
76,327,0.5
180,323,0.0
293,107,1.0
195,242,1.0
195,175,1.0
129,177,0.75
93,381,0.75
2,72,0.25
228,417,0.5
263,210,0.75
88,241,1.0
148,254,0.25
232,291,0.5
235,15,0.75
248,148,0.0
298,4,0.75
169,227,0.25
195,15,0.25
274,334,0.5
136,24,0.75
288,79,0.25
134,17,1.0
163,337,0.25
184,404,0.5
54,204,0.25
223,418,0.5
150,426,1.0
158,206,0.25
122,20,1.0
245,80,0.75
184,411,0.0
183,9,0.5
175,24,1.0
180,423,0.75
193,261,0.0
141,298,0.0
143,149,0.75
238,212,0.5
76,247,0.0
41,305,0.25
156,349,0.75
92,293,1.0
269,0,0.75
69,245,0.0
102,193,1.0
233,256,1.0
15,270,0.5
139,67,0.75
138,10,0.25
219,319,1.0
80,263,0.25
174,322,1.0
13,16,1.0
63,274,0.0
261,16,0.5
213,319,1.0
132,28,0.25
203,340,0.5
69,412,1.0
199,282,0.5
214,295,0.25
157,127,0.5
56,384,0.25
70,4,0.0
15,269,0.25
158,429,0.5
58,210,0.5
77,404,0.25
22,15,0.25
188,81,1.0
199,211,0.75
5,71,0.25
30,389,0.25
101,85,1.0
86,2,0.5
210,305,0.75
187,228,0.0
137,263,0.75
48,100,0.75
169,247,0.75
70,360,0.75
203,31,1.0
202,373,0.75
242,382,0.5
245,86,1.0
38,328,0.75
138,357,0.25
181,115,0.25
207,205,0.75
131,178,0.5
257,287,1.0
55,391,0.25
101,356,0.25
97,3,1.0
46,208,0.0
68,93,0.25
269,237,0.75
26,370,0.25
159,101,0.0
179,35,0.75
37,326,0.75
36,5,0.25
251,206,1.0
216,22,1.0
131,270,1.0
224,366,0.5
32,153,0.5
31,393,0.5
141,372,0.75
64,98,0.5
184,377,0.75
117,184,0.25
201,255,0.0
97,426,0.75
5,135,1.0
149,317,0.75
267,235,0.75
98,76,0.5
84,206,1.0
222,281,0.75
266,194,1.0
255,88,0.5
117,103,0.25
26,369,0.25
151,126,0.0
82,389,0.75
201,354,0.75
200,352,0.25
180,252,0.25
275,316,0.25
188,270,1.0
156,406,0.5
236,270,1.0
139,157,0.75
220,268,0.5
276,14,0.0
246,43,0.5
171,173,0.25
109,394,0.75
268,243,0.0
125,225,0.75
262,325,0.25
31,392,0.75
123,184,0.5
272,194,0.5
199,45,0.0
282,348,0.25
110,112,0.5
276,40,0.25
141,322,0.75
146,155,0.0
46,7,0.0
209,366,0.5
59,329,1.0
256,55,0.75
208,239,1.0
92,152,0.75
238,277,0.5
62,137,0.0
95,284,0.0
73,126,1.0
270,250,0.25
44,32,0.75
260,141,0.75
135,202,0.5
104,279,1.0
244,233,0.0
298,286,0.25
227,150,0.5
260,309,0.5
275,286,0.25
218,305,1.0
30,149,1.0
212,153,0.25
70,92,0.0
173,247,0.5
95,231,0.25
77,107,0.0
226,228,0.0
290,164,0.75
260,408,0.0
275,359,0.0
105,2,0.25
0,19,0.25
162,79,0.25
49,371,0.75
116,133,1.0
95,309,0.5
84,73,0.5
139,178,0.5
256,60,0.5
137,344,0.0
139,333,0.5
191,390,0.0
221,2,0.75
107,409,0.75
100,344,0.0
65,418,0.0
240,242,1.0
7,116,0.5
195,365,0.5
191,66,1.0
12,239,1.0
201,346,0.25
228,278,0.5
70,175,0.75
51,388,0.25
129,351,0.5
259,213,1.0
54,384,0.5
98,119,1.0
130,325,0.25
72,50,0.5
169,259,0.5
109,282,1.0
222,35,0.0
225,381,0.25
241,308,1.0
21,333,0.5
243,299,0.5
137,416,0.25
138,41,0.25
194,260,0.75
17,250,0.5
50,394,0.5
12,237,0.75
197,11,1.0
31,22,0.75
177,331,0.0
128,233,0.25
151,398,1.0
290,265,0.5
109,27,0.5
2,60,0.5
32,167,0.75
59,141,0.75
74,76,0.5
163,263,0.5
286,179,0.0
187,35,0.25
117,293,0.25
87,37,0.0
253,358,0.0
174,330,0.0
244,166,0.0
1,37,0.25
179,367,0.0
50,394,0.25
237,182,0.75
256,140,0.0
242,76,1.0
145,101,0.5
113,318,0.25
4,124,0.5
262,281,0.5
38,33,1.0
298,295,0.0
21,252,0.25
185,88,0.0
242,241,0.5
141,185,0.0
117,356,0.25
6,158,0.75
17,133,0.5
297,41,0.5
245,383,0.25
141,278,0.0
146,245,1.0
54,125,0.25
268,60,0.75
30,91,0.5
271,426,0.25
86,165,0.5
62,136,0.25
18,204,0.5
85,190,0.75
272,379,0.25
149,392,0.0
275,432,0.25
124,267,1.0
64,432,0.0
90,55,0.75
134,172,0.75
222,34,1.0
51,349,1.0
166,13,1.0
56,130,0.5
1,44,1.0
117,389,1.0
283,264,0.25
52,28,1.0
120,394,0.0
171,340,0.25
240,275,0.0
164,33,0.75
242,92,1.0
147,332,0.75
52,382,0.5
93,106,0.5
47,268,0.25
222,54,0.0
261,107,0.25
261,414,0.25
105,110,0.0
153,319,0.75
254,342,1.0
85,58,0.0
54,202,0.75
251,25,0.0
66,284,0.25
108,348,0.75
224,429,0.5
286,130,0.25
16,290,0.75
207,133,0.25
5,132,1.0
62,113,0.5
124,149,0.5
85,260,0.5
252,272,0.25
278,283,0.25
229,172,0.25
91,241,1.0
130,128,0.25
39,68,0.25
99,133,1.0
262,84,0.5
7,60,0.5
195,325,1.0
39,253,1.0
197,12,1.0
176,408,0.0
280,269,0.0
256,40,0.0
249,146,0.5
256,257,1.0
130,418,1.0
271,191,0.5
275,376,0.5
80,128,0.25
190,115,0.5
148,380,1.0
104,125,0.75
163,386,1.0
208,395,0.0
47,395,1.0
30,213,0.25
293,372,0.5
200,53,1.0
92,21,0.25
125,184,0.75
279,314,0.75
50,269,1.0
184,52,0.75
258,382,0.75
233,423,1.0
114,131,1.0
73,237,0.0
119,14,0.25
50,83,1.0
66,172,0.5
116,225,0.75
126,127,0.25
160,405,0.0
99,142,0.25
206,396,1.0
135,16,0.75
76,240,1.0
148,256,0.5
83,347,1.0
73,90,0.0
155,80,1.0
45,172,0.75
33,45,0.5
126,410,1.0
287,94,1.0
92,147,0.25
167,157,1.0
225,241,0.0
184,260,0.25
291,104,0.25
20,133,0.25
130,278,0.0
18,177,0.5
120,96,0.25
175,177,0.0
145,264,0.0
212,274,0.5
266,56,1.0
160,174,0.75
153,175,0.0
114,76,0.75
16,35,0.75
124,60,0.0
94,22,0.75
13,82,1.0
276,435,1.0
243,133,0.5
177,327,0.75
183,11,0.75
76,108,1.0
21,336,0.5
200,312,0.25
293,11,0.25
108,164,0.0
60,429,1.0
2,77,0.5
248,46,0.0
271,137,0.0
224,200,0.25
69,159,1.0
45,105,0.25
178,44,1.0
112,435,0.5
165,253,0.5
182,141,0.5
134,131,0.0
4,61,0.75
212,421,0.5
156,77,0.0
163,142,0.0
227,98,0.5
31,233,0.25
49,240,0.0
283,76,0.75
173,126,0.25
212,101,0.25
194,98,0.5
37,144,1.0
54,12,0.75
271,295,1.0
243,67,0.0
195,189,0.25
202,121,0.5
95,69,0.5
37,68,0.75
173,140,0.5
38,397,0.75
22,341,0.75
16,73,0.75
62,325,0.5
226,209,0.75
40,155,0.25
208,300,0.25
186,261,1.0
53,188,1.0
187,99,0.5
170,352,0.0
65,223,0.5
257,11,1.0
102,278,1.0
62,41,0.75
107,62,0.75
137,258,0.75
291,159,1.0
188,260,1.0
199,99,0.0
243,17,0.5
24,66,0.75
85,262,0.75
228,335,0.75
44,310,0.5
260,263,0.25
62,260,0.25
227,13,1.0
86,59,0.25
31,123,0.5
126,224,0.0
31,199,0.5
264,13,0.0
36,39,0.5
116,35,0.25
107,232,1.0
298,157,0.0
170,189,0.5
35,330,0.25
155,200,0.25
226,279,0.75
214,396,0.5
271,0,0.75
175,295,0.75
236,227,0.25
208,105,0.5
62,376,0.0
213,161,0.5
287,89,0.0
12,84,0.5
47,310,0.0
155,160,0.0
286,238,1.0
42,191,0.25
169,433,1.0
102,160,0.25
194,185,0.0
174,217,0.25
149,410,0.25
107,274,0.75
55,251,0.25
195,195,0.75
216,251,0.75
226,417,0.75
91,352,0.75
264,241,0.75
22,311,0.75
132,29,0.5
278,68,0.5
83,127,0.75
101,161,0.0
77,373,0.5
85,58,1.0
63,134,0.75
48,76,1.0
70,45,0.75
164,360,0.25
108,279,1.0
255,303,1.0
37,139,0.25
173,357,1.0
44,7,1.0
274,239,0.0
45,185,0.75
41,355,0.5
298,98,1.0
104,381,0.0
228,362,0.0
56,30,0.75
57,12,0.25
111,283,0.75
20,39,1.0
38,258,0.5
247,250,0.25
126,152,0.0
142,89,1.0
183,389,0.5
8,42,0.25
282,349,1.0
295,299,0.25
0,27,0.25
181,97,1.0
237,103,1.0
291,161,0.0
211,45,0.75
249,192,0.25
145,236,0.75
241,164,0.5
184,343,0.5
107,350,1.0
104,272,0.5
137,211,1.0
276,205,0.75
295,261,0.5
105,189,0.25
104,158,1.0
137,28,0.0
51,40,0.25
27,312,0.5
156,199,0.75
59,154,0.25
280,139,0.75
275,58,0.25
221,337,1.0
66,324,0.25
106,396,1.0
55,30,0.25
106,342,1.0
228,252,0.5
51,198,0.0
76,258,0.5
63,149,0.75
6,146,1.0
138,8,0.75
214,39,0.25
215,120,1.0
284,214,1.0
63,258,1.0
49,196,0.25
100,230,0.5
251,309,0.75
156,195,0.25
120,86,1.0
36,46,1.0
18,105,0.25
275,392,0.75
19,60,1.0
194,250,1.0
210,45,0.5
66,67,0.0
177,232,0.0
153,107,0.5
96,224,1.0
179,325,1.0
228,113,0.75
30,375,0.5
155,387,1.0
177,196,0.75
239,341,0.75
213,375,0.25
208,105,1.0
58,139,0.5
247,185,0.75
154,248,0.25
263,397,0.0
85,429,1.0
119,181,1.0
106,44,0.25
42,12,1.0
97,322,0.25
16,280,0.75
288,331,0.0
244,369,0.75
103,9,0.25
30,379,0.25
215,200,0.5
218,237,0.75
215,105,0.25
205,362,0.5
44,137,0.25
122,323,0.0
13,92,1.0
178,64,0.5
166,219,0.75
138,144,1.0
211,95,0.75
24,226,0.75
230,397,0.75
172,368,0.25
201,432,0.25
218,163,1.0
146,254,0.75
168,251,1.0
54,65,0.75
54,290,1.0
32,319,1.0
89,294,0.0
167,385,0.75
159,210,0.5
61,312,0.0
162,173,1.0
266,354,0.25
241,14,0.75
24,355,0.5
168,24,1.0
219,96,0.5
250,103,0.25
90,32,0.0
14,142,0.5
247,120,1.0
236,105,1.0
106,388,0.25
5,51,1.0
27,61,1.0
140,397,0.25
256,352,0.25
154,332,0.25
54,91,0.5
262,390,0.75
284,36,0.25
256,118,0.75
290,92,0.5
53,74,0.25
59,131,0.75
25,198,0.5
138,251,0.5
212,360,0.0
155,218,1.0
8,193,1.0
295,24,0.5
180,329,0.25
35,139,0.25
266,201,1.0
197,361,0.25
212,373,0.75
177,200,0.5
161,226,0.5
64,250,0.0
210,52,0.75
283,404,0.5
34,38,0.25
27,117,1.0
241,285,0.75
204,197,0.75
162,138,0.5
236,408,0.75
29,343,1.0
192,382,1.0
48,67,0.5
222,48,0.5
23,347,0.25
207,312,0.75
20,331,0.25
148,212,0.75
93,434,0.75
200,429,0.0
253,414,0.75
78,120,0.5
271,309,1.0
286,402,0.0
13,250,0.75
72,9,0.75
91,404,0.75
116,381,0.0
68,34,0.25
284,140,0.25
97,192,0.5
11,232,0.75
8,23,0.75
48,63,0.25
243,185,0.0
29,63,1.0
157,275,0.0
227,381,0.0
55,6,0.25
169,142,0.0
9,204,1.0
197,18,0.5
265,268,1.0
210,186,0.25
286,10,0.0
33,119,0.5
263,236,1.0
205,355,0.25
277,48,0.5
162,246,1.0
10,31,1.0
206,393,0.5
104,290,1.0
42,405,1.0
233,131,0.75
194,215,0.25
221,76,0.75
111,431,0.0
188,166,0.0
101,386,0.5
273,237,0.75
154,97,0.75
116,266,0.0
191,416,0.75
46,343,1.0
14,262,0.75
123,389,0.25
156,28,0.0
51,1,0.25
242,264,0.75
285,329,0.25
164,204,0.75
9,198,0.75
3,72,1.0
15,167,0.75
57,132,0.0
299,343,0.75
39,74,1.0
213,279,1.0
29,78,0.25
185,222,0.25
141,82,0.0
277,202,0.25
186,117,0.5
24,354,0.5
84,165,1.0
55,426,0.5
236,91,0.25
124,350,1.0
86,6,0.0
215,399,0.0
29,315,0.5
158,406,0.75
220,237,0.75
207,101,0.75
255,204,0.5
27,177,0.75
233,239,0.75
163,159,0.0
137,317,0.75
157,323,1.0
120,294,0.0
233,321,1.0
142,346,0.75
96,205,0.25
135,296,1.0
107,335,0.0
37,227,0.25
37,14,0.25
199,215,0.25
73,186,0.25
256,34,0.25
51,286,1.0
233,148,0.25
275,367,0.0
170,417,0.25
270,244,1.0
18,150,0.5
27,372,1.0
122,422,0.25
239,177,1.0
268,355,0.25
121,136,1.0
68,381,0.0
209,37,0.0
49,281,0.5
142,283,0.25
79,308,0.5
135,45,1.0
42,205,0.75
167,354,0.75
108,298,0.5
105,229,1.0
114,225,0.75
61,240,1.0
124,354,0.0
234,248,0.75
26,202,1.0
256,147,0.75
119,378,0.5
198,13,0.25
204,75,0.25
261,147,0.5
230,10,0.5
280,106,0.75
25,180,0.25
142,205,0.75
104,285,1.0
238,326,0.0
69,15,0.75
156,238,0.75
125,63,1.0
118,314,0.25
257,88,0.5
239,187,0.75
22,339,0.5
106,385,0.75
205,155,0.0
172,77,0.0
277,158,0.25
94,317,0.75
75,286,0.25
116,211,0.75
222,275,0.25
117,104,1.0
97,176,1.0
290,191,0.25
30,376,0.25
129,431,0.75
77,211,0.75
267,155,0.5
186,41,1.0
130,265,0.25
130,40,0.25
79,297,0.25
143,117,0.25
154,330,0.75
250,240,0.0
149,348,0.75
53,90,0.75
245,195,0.5
73,400,0.25
241,20,1.0
188,132,0.75
194,209,0.0
267,340,0.75
276,92,1.0
157,161,0.75
265,431,0.25
66,181,0.25
198,423,0.5
257,177,0.5
288,68,0.5
289,318,1.0
284,387,0.5
127,248,0.75
238,131,0.0
159,128,0.25
278,173,0.25
231,375,0.5
170,335,0.75
150,0,0.25
287,281,0.25
296,402,0.75
74,3,0.5
166,101,0.25
220,24,0.75
144,245,0.5
77,236,1.0
52,165,1.0
42,33,0.75
134,249,1.0
142,423,1.0
27,101,0.75
263,218,0.0
23,343,0.25
118,22,0.75
45,12,0.75
232,54,0.5
114,418,0.75
255,113,0.0
139,107,1.0
6,139,1.0
0,11,1.0
26,347,0.5
43,288,1.0
124,128,1.0
61,149,0.75
167,81,1.0
287,147,0.0
254,226,0.25
121,322,0.75
261,427,0.5
279,31,0.5
82,61,1.0
16,120,0.25
177,187,1.0
136,1,0.75
194,317,1.0
63,88,0.5
206,259,0.0
28,171,1.0
66,202,0.0
97,302,0.25
164,186,0.5
182,106,0.75
105,420,0.25
52,383,0.25
214,81,0.0
295,192,0.75
24,187,1.0
272,62,0.5
293,333,0.0
177,164,0.0
50,284,0.0
75,50,0.0
43,350,0.5
39,155,0.5
142,363,0.5
53,106,0.75
77,106,0.75
168,292,1.0
225,303,0.75
144,349,0.25
211,150,0.75
261,64,0.75
5,129,0.5
60,338,1.0
293,362,0.75
188,407,0.5
189,18,1.0
29,331,0.5
109,164,0.25
167,408,1.0
139,255,1.0
53,320,0.5
40,248,0.5
167,403,0.75
233,286,0.0
162,13,1.0
89,177,0.25
96,419,0.75
251,319,1.0
162,177,0.5
58,26,0.25
137,283,1.0
97,211,0.25
144,118,0.75
55,264,0.0
217,60,1.0
81,324,1.0
157,189,0.5
190,224,0.25
240,407,0.0
153,153,0.75
264,294,0.5
57,237,1.0
235,10,0.0
63,337,0.0
28,313,0.25
123,180,0.5
123,15,0.75
11,116,1.0
122,345,0.0
131,19,0.0
272,15,0.25
43,13,0.5
273,49,0.75
154,169,0.5
288,19,0.75
214,366,0.5
84,113,0.25
127,150,0.25
280,161,0.25
88,268,0.25
126,102,0.5
155,249,0.0
17,294,0.5
93,165,1.0
56,56,0.0
106,32,0.75
241,372,1.0
194,208,0.25
0,16,0.75
105,185,0.25
108,72,0.5
249,320,0.75
45,57,1.0
266,307,0.25
30,226,0.75
166,68,0.25
205,306,0.5
98,345,0.75
76,162,1.0
8,181,1.0
293,103,0.75
57,3,0.25
292,385,0.75
31,280,0.5
177,51,0.0
50,377,0.0
192,306,1.0
111,115,0.75
22,60,0.5
288,184,1.0
161,32,0.25
141,336,0.25
133,392,0.25
58,271,0.25
242,23,0.25
178,2,1.0
180,185,0.75
210,377,0.75
161,68,0.5
32,202,0.25
197,261,0.25
136,233,0.0
179,193,0.5
297,26,0.25
296,32,0.0
285,194,0.25
264,13,0.5
232,340,0.5
134,367,0.5
72,17,0.5
91,412,0.0
51,33,0.0
90,11,0.75
157,212,1.0
92,46,0.5
34,284,0.75
217,168,0.0
222,313,0.25
7,174,0.5
225,55,0.5
83,331,0.75
52,32,0.0
225,142,0.0
30,169,0.25
209,214,0.5
86,51,0.75
235,147,1.0
204,89,0.25
37,406,1.0
18,313,0.75
203,205,0.0
187,231,0.0
209,167,0.25
231,78,0.25
1,47,1.0
151,292,0.25
22,330,0.75
114,231,0.75
279,278,0.25
218,272,0.5
130,48,0.0
191,215,1.0
166,365,0.75
147,227,0.75
134,129,0.25
54,109,0.25
139,229,0.75
19,323,0.5
208,272,0.0
175,184,0.75
284,268,1.0
153,363,0.75
149,306,0.25
113,271,0.25
231,4,1.0
94,396,0.75
78,131,0.25
164,316,0.75
193,170,1.0
121,393,1.0
171,91,0.5
83,178,0.5
266,110,0.25
92,50,0.0
123,386,0.75
193,380,1.0
198,336,0.5
246,297,1.0
174,200,0.75
162,239,0.25
178,96,0.75
223,351,0.75
93,306,1.0
284,32,0.5
262,106,0.0
27,270,0.25
172,1,0.0
52,187,1.0
96,274,0.5
200,259,0.25
108,68,1.0
285,271,0.75
187,421,0.25
176,225,0.25
262,8,0.5
298,228,0.0
73,114,0.25
40,47,0.25
293,155,0.25
151,391,0.5
187,422,1.0
119,127,1.0
139,295,1.0
216,59,0.0
4,106,0.75
175,433,0.75
123,147,0.25
281,399,1.0
144,270,0.25
277,354,0.0
104,154,0.75
156,67,1.0
290,132,0.25
115,168,1.0
94,218,0.25
214,224,0.5
51,394,1.0
252,258,0.0
59,237,1.0
141,294,0.75
246,360,0.5
205,261,0.75
250,193,0.75
90,13,0.0
31,64,0.25
289,346,0.0
172,50,0.75
276,215,0.25
19,266,0.25
80,188,1.0
208,396,0.0
236,385,1.0
110,168,0.5
30,244,0.5
216,83,0.0
264,186,0.0
241,250,0.0
34,341,0.5
140,190,1.0
31,15,1.0
23,156,0.5
6,150,1.0
163,295,0.0
27,85,0.25
27,300,1.0
209,386,0.75
147,161,0.0
257,108,0.0
130,274,0.0
106,83,0.75
293,83,0.5
165,140,0.75
140,424,0.0
294,237,1.0
21,10,1.0
82,431,0.75
62,234,0.25
220,293,0.75
115,85,0.5
137,353,0.25
82,351,0.5
33,130,0.5
199,353,0.25
38,147,0.5
179,391,0.25
221,382,0.75
296,426,0.75
197,197,0.0
208,140,1.0
187,30,0.0
182,2,0.25
179,105,0.5
266,259,0.0
232,57,0.0
288,403,0.25
272,230,0.75
53,87,1.0
275,156,0.0
228,340,0.5
248,339,0.5
266,274,0.0
167,125,0.75
23,240,1.0
282,408,0.0
85,62,0.75
270,0,1.0
123,219,0.25
265,212,0.0
266,64,0.25
232,123,0.5
8,191,0.25
11,199,0.5
273,172,0.25
83,425,0.75
38,163,0.75
181,33,0.0
110,290,0.75
53,277,0.5
101,120,1.0
63,234,0.75
131,365,0.75
84,321,0.5
85,363,1.0
249,342,0.75
152,352,0.0
135,123,0.25
266,419,0.5
196,362,0.0
293,70,0.0
194,53,0.5
52,366,0.25
176,335,0.25
178,303,0.0
162,6,1.0
124,305,1.0
61,91,0.25
293,148,0.5
41,265,0.25
234,423,1.0
218,5,1.0
84,180,1.0
191,370,1.0
47,182,0.75
41,3,0.5
261,367,0.0
272,188,0.75
283,138,1.0
117,177,0.0
199,25,0.5
164,59,1.0
245,297,0.5
198,269,0.5
266,49,0.0
130,155,1.0
153,222,1.0
144,358,0.75
273,74,0.75
112,373,0.75
16,53,0.5
118,188,0.0
294,75,0.0
127,300,1.0
128,243,0.0
25,106,0.75
227,340,0.0
234,115,0.0
185,86,0.75
180,396,0.25
291,339,0.75
214,72,0.5
9,202,0.75
77,337,0.75
291,261,1.0
70,319,1.0
32,35,0.75
58,384,0.0
268,141,1.0
128,108,0.25
165,70,0.75
34,290,1.0
273,86,0.75
91,42,1.0
173,377,0.75
246,99,0.75
282,256,1.0
247,143,0.5
100,124,0.5
75,335,0.5
249,189,1.0
136,9,0.0
182,319,0.5
159,83,0.25
108,15,1.0
123,57,0.5
124,213,0.5
239,285,0.5
46,151,0.75
88,287,0.5
203,23,0.5
143,179,0.25
189,195,0.75
220,234,0.0
85,97,0.75
42,155,0.75
256,421,1.0
231,280,0.5
196,310,0.0
218,36,0.5
273,53,0.5
223,104,0.0
226,57,0.75
262,86,1.0
98,353,0.0
208,373,0.75
204,142,0.25
148,38,0.25
71,306,0.0
98,315,0.0
32,187,0.5
272,256,0.25
8,58,0.75
238,298,0.25
148,341,0.25
156,411,0.0
158,398,0.25
188,27,0.75
45,272,1.0
188,412,0.25
202,161,0.25
67,324,1.0
48,322,0.75
60,46,1.0
282,172,1.0
16,30,0.5
153,289,1.0
183,390,0.75
165,215,1.0
135,12,0.25
168,364,1.0
201,134,1.0
229,259,0.5
211,2,0.5
70,340,0.25
239,215,0.5
13,248,0.25
43,233,0.5
163,274,0.75
46,62,0.5
194,195,0.5
275,60,1.0
183,347,0.25
21,86,0.75
77,263,0.5
253,259,0.25
76,227,0.25
285,249,0.5
299,404,1.0
128,297,1.0
271,61,0.25
19,16,0.75
118,309,1.0
39,109,0.75
173,289,0.75
86,275,0.75
218,420,0.0
250,3,0.0
295,148,0.75
83,275,1.0
35,399,0.5
63,414,0.5
110,242,1.0
23,249,0.25
105,431,0.5
172,160,1.0
135,397,0.25
92,182,0.25
210,125,0.75
158,279,0.25
185,175,0.5
284,175,0.0
168,227,0.0
49,324,0.25
125,36,0.75
246,196,0.75
66,32,0.25
228,278,0.25
69,123,0.0
43,420,1.0
94,286,0.5
257,358,0.0
102,185,0.0
229,407,1.0
5,134,0.25
35,279,0.5
147,90,0.25
2,65,0.5
198,262,1.0
108,289,0.25
102,53,0.5
70,196,0.0
24,350,0.75
115,246,0.0
182,37,1.0
3,84,0.75
61,141,0.75
28,366,0.5
92,371,0.75
242,309,0.75
227,333,1.0
26,348,0.5
90,88,0.25
112,63,1.0
78,54,0.0
132,350,0.5
52,84,1.0
204,199,1.0
174,30,0.0
127,407,0.75
136,283,0.5
151,146,0.5
92,259,0.5
146,134,1.0
95,182,0.75
243,154,0.25
178,137,0.75
162,310,0.0
291,131,0.0
52,82,0.0
106,393,0.5
294,376,0.0
9,210,0.75
91,164,0.5
56,147,0.0
230,125,1.0
252,246,0.75
273,76,0.75
44,67,1.0
164,184,0.25
241,82,0.25
23,345,0.5
86,311,1.0
131,336,0.0
295,44,0.5
1,49,0.25
7,170,1.0
269,421,0.0
100,115,0.5
167,282,0.25
24,353,1.0
193,333,0.0
105,246,0.25
45,367,1.0
88,217,0.75
272,49,0.75
253,131,0.75
131,143,1.0
279,93,0.75
167,361,1.0
217,269,0.0
178,409,0.75
278,8,0.0
189,304,0.5
171,44,1.0
81,13,0.25
267,358,1.0
146,142,0.25
243,43,0.75
126,290,0.75
189,285,0.0
225,57,0.5
178,48,0.0
64,287,1.0
72,193,0.5
33,74,0.75
196,18,0.75
161,256,0.0
34,299,0.5
292,305,0.75
89,192,0.5
144,144,1.0
168,400,1.0
43,315,0.75
66,136,0.5
106,117,1.0
17,88,0.5
22,111,0.25
230,429,0.0
275,121,1.0
7,99,0.75
276,333,0.25
11,27,0.5
31,50,0.5
85,400,0.75
204,271,0.75
256,425,0.75
98,151,0.0
237,260,0.25
232,40,0.25
225,430,1.0
44,156,0.5
39,176,0.25
270,263,0.5
77,193,0.0
285,248,0.25
297,115,0.75
201,347,0.25
109,359,0.0
249,275,0.25
113,393,0.5
292,253,0.75
144,169,0.75
75,175,0.75
130,299,0.75
251,343,0.0
54,201,1.0
289,227,0.25
83,337,0.0
296,351,0.0
126,360,1.0
231,65,1.0
145,413,0.25
110,141,0.75
142,221,1.0
236,385,0.75
178,430,1.0
132,192,0.25
192,338,0.0
136,163,0.25
30,218,0.25
225,153,0.75
297,270,1.0
64,135,0.0
273,238,1.0
18,212,0.75
85,72,0.0
122,59,0.0
254,171,0.0
231,185,0.25
160,69,0.0
152,428,0.5
94,209,0.5
126,227,0.5
66,307,0.0
224,234,0.25
154,32,0.25
233,313,0.0
187,420,0.75
296,205,0.75
249,165,0.25
167,20,1.0
90,368,0.75
169,218,0.0
59,96,0.25
57,157,0.0
247,433,0.75
196,122,0.5
38,408,1.0
183,340,0.25
236,112,1.0
200,356,0.25
262,220,0.0
169,11,0.25
208,121,1.0
102,191,1.0
276,193,0.75
181,339,0.5
248,243,0.5
203,130,0.75
261,250,1.0
215,414,0.75
186,159,0.5
168,44,0.0
30,387,0.25
120,212,1.0
163,379,0.75
143,216,0.0
255,421,0.25
203,86,0.5
148,151,0.5
207,87,1.0
90,331,0.25
50,333,0.5
119,337,1.0
133,307,1.0
19,1,0.25
26,35,0.5
145,112,0.25
93,69,0.5
0,28,0.25
3,82,0.25
106,88,0.0
135,186,0.25
141,121,0.0
35,74,0.5
93,111,0.25
247,68,0.75
7,166,0.5
202,73,0.25
201,317,0.0
35,227,0.75
185,414,1.0
227,37,0.25
296,304,0.25
65,11,0.5
203,232,0.5
278,36,0.75
196,96,0.25
53,154,0.75
137,265,0.0
19,265,0.75
52,242,1.0
247,430,0.5
197,353,0.5
29,170,0.75
158,36,0.25
57,186,0.25
73,140,0.5
241,378,0.75
205,299,1.0
191,403,0.75
262,410,0.5
29,370,0.25
219,89,0.75
213,271,0.75
244,80,0.0
91,250,1.0
79,219,0.5
259,399,0.5
32,182,0.25
142,360,0.25
292,76,0.75
99,75,1.0
111,201,0.0
181,433,0.75
14,252,0.5
206,91,0.25
190,129,0.5
155,270,0.0
164,196,0.25
56,346,0.5
223,60,0.0
220,409,0.0
235,283,0.0
230,394,0.0
198,38,0.25
132,290,1.0
117,23,0.75
2,62,0.25
243,363,0.0
135,405,0.5
167,106,0.5
281,112,0.5
228,315,0.0
194,191,0.75
24,88,1.0
158,55,1.0
33,153,0.5
104,362,1.0
55,278,1.0
64,271,1.0
285,337,0.25
283,186,1.0
186,259,0.25
88,96,0.0
112,254,0.75
50,268,1.0
97,317,0.5
170,409,0.25
36,259,0.5
225,412,0.75
173,244,0.0
172,420,0.5
87,173,0.0
222,273,0.25
249,174,0.75
160,354,0.5
13,69,1.0
45,72,0.75
175,258,1.0
71,308,0.25
254,376,0.75
117,46,1.0
131,324,1.0
4,108,1.0
6,153,0.75
117,306,0.75
258,347,0.75
37,354,1.0
182,290,0.0
122,312,0.0
127,276,0.25
292,142,0.25
179,394,1.0
219,346,0.25
12,98,0.25
156,284,0.25
173,147,1.0
200,199,1.0
238,203,0.25
107,179,0.5
98,165,0.5
89,331,1.0
284,258,0.0
266,271,0.25
137,22,0.5
261,22,1.0
229,149,0.75
295,144,0.75
25,225,0.5
132,6,0.75
140,138,0.5
187,325,0.5
209,82,0.25
289,339,0.0
195,157,0.0
185,161,1.0
55,76,0.0
2,68,0.75
110,280,1.0
30,174,0.75
93,87,0.5
91,2,0.5
178,237,0.25
273,226,0.5
230,86,0.5
51,235,0.25
139,117,1.0
285,419,0.5
84,318,0.0
46,21,0.25
164,385,0.25
78,242,0.25
133,75,1.0
178,289,0.0
206,364,1.0
191,37,0.25
13,1,0.25
221,192,0.25
99,291,0.0
216,199,0.25
110,413,0.25
91,77,0.75
100,424,0.5
103,338,0.5
216,30,0.5
21,64,0.75
100,133,0.0
267,436,0.25
257,114,0.25
30,386,1.0
186,269,0.0
225,374,1.0
109,263,0.25
13,246,0.5
142,413,1.0
240,76,0.75
107,271,0.5
249,241,1.0
89,218,0.0
260,19,0.25
83,130,0.0
108,369,0.0
16,23,0.75
288,268,1.0
192,324,0.5
205,339,0.0
239,304,0.75
240,19,0.0
85,251,0.25
224,51,0.5
296,88,0.25
182,216,0.75
163,414,0.5
256,380,0.25
130,383,0.0
91,13,1.0
274,256,0.0
214,409,0.75
196,185,0.0
241,409,0.75
197,260,1.0
202,263,1.0
104,68,0.75
138,8,0.0
294,285,0.0
103,221,0.75
112,254,1.0
223,148,0.5
57,200,0.25
96,168,0.25
168,344,0.75
8,188,1.0
246,62,1.0
94,335,0.0
107,150,0.25
97,160,0.5
186,122,0.5
216,41,0.0
204,184,0.5
267,269,0.25
34,149,0.5
183,147,0.25
101,140,0.5
202,345,0.25
125,253,0.25
24,136,0.5
143,118,1.0
69,20,0.0
178,334,0.0
295,52,0.75
132,240,1.0
226,299,0.0
116,97,0.75
199,351,1.0
20,328,0.75
132,306,0.25
161,308,1.0
73,42,0.75
80,393,0.5
260,138,0.5
255,117,0.0
297,113,0.0
89,340,0.75
126,40,0.25
275,361,0.75
50,229,0.25
86,409,0.5
85,416,0.5
64,97,0.25
79,380,1.0
243,185,0.75
116,113,0.0
6,98,0.75
80,218,0.25
13,220,0.25
283,391,0.5
267,364,0.5
255,6,0.25
279,38,0.25
249,401,0.25
187,105,0.5
129,151,0.75
254,292,1.0
138,320,0.25
209,319,0.0
183,271,0.5
174,297,0.5
4,114,1.0
282,59,0.25
23,340,0.5
295,153,0.25
154,56,1.0
92,317,0.0
43,206,0.5
78,90,0.0
166,324,0.75
178,3,1.0
16,289,0.75
187,123,0.0
211,214,0.0
83,409,0.5
257,170,0.25
189,140,0.75
36,402,1.0
51,302,1.0
296,282,1.0
122,4,0.0
116,292,1.0
141,204,0.25
276,91,0.25
54,328,0.5
51,185,0.75
8,187,0.75
158,419,0.0
224,242,0.25
170,61,0.5
15,12,0.5
42,365,0.25
122,435,0.75
52,28,0.75
104,341,1.0
6,155,0.75
91,334,0.0
178,114,0.75
106,128,0.25
237,393,1.0
172,179,0.5
7,164,0.75
77,321,0.5
62,175,0.75
128,218,0.5
112,386,0.0
170,127,0.5
129,36,0.5
141,280,0.25
60,110,0.5
15,109,0.5
260,48,0.25
68,54,0.0
205,152,0.5
55,143,0.25
92,91,0.0
258,336,0.75
4,119,0.25
179,310,0.5
133,372,0.75
105,264,1.0
136,345,0.75
158,161,0.25
197,92,0.5
125,225,0.5
154,77,0.75
58,57,0.75
269,223,0.75
103,239,0.5
174,168,0.5
92,117,0.5
275,257,0.25
266,6,1.0
168,197,0.0
143,413,0.5
96,234,0.25
143,175,0.75
274,145,0.5
134,353,0.75
147,388,1.0
211,190,0.75
88,150,0.25
266,300,0.25
285,322,0.0
138,296,0.5
211,310,0.75
113,424,0.75
181,338,1.0
39,375,1.0
173,47,1.0
182,73,0.5
266,76,0.0
291,213,0.75
112,101,0.25
166,63,0.75
101,112,0.0
29,255,0.25
281,317,0.25
85,347,0.0
54,216,0.25
281,224,0.5
137,80,0.25
264,434,0.5
24,15,0.5
275,79,1.0
270,275,0.75
163,71,1.0
232,233,1.0
10,214,0.25
286,243,1.0
202,75,0.75
237,356,0.75
189,267,0.0
191,239,0.75
78,105,0.5
152,147,0.5
48,74,0.5
196,364,0.0
206,112,0.0
79,326,0.0
284,271,0.5
22,52,0.75
261,423,1.0
104,223,0.5
265,85,0.75
200,316,0.75
194,336,0.5
146,13,0.0
73,207,0.0
200,338,0.75
254,396,1.0
271,188,0.75
203,61,0.0
215,272,0.0
299,414,0.0
201,266,1.0
213,331,0.75
251,337,0.5
259,97,0.75
166,42,1.0
85,411,1.0
62,23,0.5
201,140,1.0
29,176,1.0
201,343,0.5
245,379,0.5
229,254,0.0
206,112,1.0
146,241,1.0
220,190,0.25
183,412,0.75
26,40,1.0
238,51,0.5
116,38,0.25
226,0,0.75
256,384,0.5
240,124,0.5
226,174,0.0
229,126,0.0
256,353,1.0
115,239,0.5
183,218,1.0
215,56,0.25
77,422,0.5
48,339,0.5
236,391,0.75
53,409,0.5
35,401,0.5
63,81,1.0
85,368,0.25
46,115,1.0
200,62,0.5
233,175,0.0
293,104,0.0
241,270,1.0
193,124,0.75
214,79,1.0
173,262,0.25
144,388,0.0
185,200,0.75
216,124,0.75
43,88,0.75
225,424,0.25
178,20,1.0
6,160,1.0
274,369,0.75
137,302,0.5
78,328,0.25
110,89,0.5
233,329,0.25
187,242,0.5
11,85,0.75
284,15,0.0
162,145,0.0
125,382,0.0
27,201,0.5
80,134,0.5
172,214,0.25
52,2,0.75
227,406,0.25
252,408,0.25
82,259,0.0
83,274,0.5
232,125,1.0
88,14,0.75
178,433,0.25
286,289,1.0
27,268,0.5
289,104,0.5
214,270,0.25
227,340,0.75
186,351,0.5
299,37,0.25
128,91,1.0
107,436,0.75
196,351,1.0
158,387,0.0
2,57,1.0
265,266,0.75
148,38,0.75
136,233,0.25
51,284,0.75
127,237,1.0
71,95,0.0
7,122,0.25
160,143,0.0
224,265,0.5
73,172,0.25
35,272,0.75
10,111,1.0
24,179,0.5
242,87,0.75
272,98,1.0
113,209,1.0
27,131,1.0
39,38,0.75
67,389,1.0
33,207,0.75
113,107,0.5
126,0,0.5
10,14,0.5
93,205,0.0
163,69,0.75
91,139,0.0
245,362,0.25
74,236,0.25
112,375,0.0
146,229,0.0
258,221,0.25
32,310,0.25
111,66,0.25
47,368,0.75
275,333,0.5
174,343,0.5
130,9,0.5
64,22,0.75
16,285,0.25
12,244,1.0
12,230,0.25
229,113,0.75
165,196,0.75
239,396,0.25
222,351,0.5
24,95,1.0
96,200,0.25
259,339,0.0
286,214,0.25
227,143,0.5
102,415,0.5
276,130,0.0
34,279,0.25
43,383,0.5
90,13,0.25
290,206,0.5
88,28,0.0
250,244,0.5
230,215,1.0
56,393,0.5
297,420,0.0
279,309,0.75
224,315,1.0
176,152,0.75
18,306,0.25
188,44,1.0
270,69,1.0
199,125,0.5
249,318,0.75
208,163,0.0
34,48,0.25
234,369,1.0
64,398,0.75
280,370,0.75
252,391,0.25
157,399,0.0
47,276,0.75
132,268,1.0
159,17,0.25
139,222,1.0
281,272,0.75
60,208,0.0
40,415,0.5
252,373,0.0
137,67,1.0
287,154,0.75
57,303,0.5
27,375,1.0
14,225,0.75
22,109,0.25
192,289,0.0
235,151,0.75
218,268,0.5
246,109,0.0
158,336,0.5
171,325,0.5
249,435,0.75
170,370,1.0
265,338,0.75
126,217,0.5
120,181,0.75
19,324,0.75
266,425,1.0
268,263,0.0
239,21,0.5
248,122,0.5
100,323,1.0
116,142,0.25
14,109,0.25
284,47,0.75
271,170,0.5
61,267,0.25
144,35,0.25
41,352,0.25
99,400,0.0
157,84,0.75
287,41,0.0
73,246,0.5
7,31,1.0
80,381,0.0
94,384,0.5
145,198,0.0
292,427,1.0
78,3,0.75
213,324,0.5
158,354,0.0
48,326,1.0
281,361,0.0
199,388,0.0
148,148,1.0
204,193,0.25
159,375,0.25
15,272,1.0
201,341,0.5
293,246,0.0
250,160,0.75
275,170,0.0
0,18,0.5
207,291,0.0
90,142,1.0
234,111,0.0
95,411,0.0
95,145,0.75
84,182,0.25
182,314,0.25
123,143,1.0
148,99,1.0
196,106,1.0
288,231,0.25
293,66,0.75
124,82,0.25
210,293,0.0
262,150,1.0
188,171,0.0
49,387,0.25
102,336,0.25
178,38,0.25
255,424,0.75
220,300,0.5
202,294,1.0
220,176,0.25
230,158,0.5
50,101,0.25
254,100,0.75
213,404,1.0
79,22,0.5
149,94,0.75
47,424,0.75
249,328,1.0
216,184,0.5
95,183,0.0
48,227,0.0
29,99,0.25
76,297,1.0
241,133,0.75
266,71,0.0
45,241,0.5
75,43,1.0
112,402,1.0
79,349,0.25
69,392,0.25
169,207,0.75
57,271,0.25
149,292,1.0
287,415,0.75
11,163,0.25
178,145,0.75
106,44,0.75
140,117,0.5
97,115,1.0
160,284,0.0
179,202,0.75
25,22,0.5
207,374,0.75
171,289,0.5
56,209,0.0
279,387,0.75
145,306,0.25
4,113,0.25
285,151,1.0
201,78,0.75
229,421,0.75
82,113,0.25
117,380,0.25
106,207,0.5
93,192,0.5
14,268,0.5
150,293,0.0
162,399,0.25
288,249,0.25
48,61,0.0
97,200,0.5
288,199,0.25
193,260,0.0
120,253,1.0
176,181,0.75
60,170,1.0
68,356,0.0
199,267,0.25
125,219,0.0
262,187,0.25
65,398,0.25
255,387,0.25
260,381,0.25
240,34,0.5
123,165,0.5
41,133,1.0
122,328,0.25
207,307,0.0
142,414,0.75
171,95,0.5
265,277,0.75
209,95,0.25
157,223,0.5
147,420,0.5
106,435,0.25
92,262,0.0
216,419,0.5
108,356,1.0
230,85,0.75
263,142,0.0
249,134,0.25
293,27,0.75
271,228,0.75
58,278,0.75
24,357,0.75
118,73,0.25
128,219,1.0
257,92,1.0
171,420,0.25
116,78,0.5
89,375,0.25
79,321,0.25
223,135,0.75
254,15,1.0
209,213,0.25
86,337,0.0
85,221,0.0
91,100,1.0
21,74,1.0
283,41,0.0
159,128,0.0
249,311,0.0
43,359,0.5
279,155,0.5
141,278,0.5
260,9,0.75
181,215,0.0
90,241,0.25
238,45,0.5
238,24,0.75
258,280,0.75
133,329,0.75
42,31,0.25
247,39,1.0
26,151,0.5
256,397,0.25
252,166,0.75
9,203,1.0
61,408,0.75
236,110,0.25
16,118,0.75
132,324,0.75
156,60,1.0
275,242,0.0
228,45,0.0
265,15,0.5
198,359,0.5
50,425,0.75
10,58,0.5
184,149,1.0
295,218,0.5
266,187,1.0
150,94,1.0
92,100,0.25
18,231,0.25
112,329,1.0
117,307,0.75
104,117,0.5
210,364,1.0
280,74,0.0
36,10,0.5
169,80,0.25
9,16,1.0
125,353,0.25
291,113,0.25
285,150,0.0
149,323,1.0
80,281,0.0
266,301,0.5
196,231,0.75
226,329,0.0
90,376,0.5
152,1,0.0
90,18,0.75
259,246,1.0
173,154,0.5
7,168,1.0
188,12,0.0
119,2,0.0
43,214,0.5
259,180,1.0
267,3,0.0
180,427,0.75
26,131,0.5
162,31,1.0
215,351,0.0
42,385,0.25
238,266,0.25
18,48,1.0
90,54,0.0
194,126,0.25
269,100,0.5
169,171,0.0
207,352,0.75
195,178,0.0
157,160,0.0
241,31,1.0
79,170,1.0
286,198,0.75
119,14,1.0
216,273,0.0
103,23,0.25
43,282,1.0
229,260,0.0
124,200,0.0
194,69,1.0
227,374,1.0
109,98,0.25
109,298,0.75
20,299,0.5
172,62,1.0
19,243,0.25
21,43,0.5
65,44,1.0
224,236,1.0
13,237,0.75
20,101,0.5
97,21,0.75
82,410,1.0
44,185,1.0
273,177,0.0
9,205,0.5
87,183,0.0
227,171,0.5
291,290,0.75
88,369,0.0
215,266,0.75
227,263,0.5
22,242,0.75
205,130,0.75
96,34,0.5
260,221,1.0
77,403,1.0
81,86,1.0
21,305,0.25
132,416,0.0
89,221,0.5
275,302,0.25
145,223,0.5
246,190,1.0
85,11,0.5
239,390,1.0
189,22,0.5
74,157,1.0
42,248,0.75
124,335,0.25
58,347,1.0
234,28,0.0
169,228,0.5
79,5,0.0
103,403,0.75
163,107,0.25
113,416,0.25
22,102,1.0
5,133,0.75
104,396,0.25
50,291,0.25
207,90,1.0
3,88,0.5
97,119,0.25
34,397,1.0
61,370,0.25
156,244,0.75
277,122,0.25
280,317,0.0
89,287,0.25
243,158,0.0
14,24,0.25
112,252,1.0
105,70,1.0
224,187,0.75
50,255,0.5
138,125,0.25
260,393,0.5
185,127,0.75
246,318,0.0
121,76,0.75
135,317,0.25
280,429,0.0
19,201,0.25
115,142,0.25
125,216,0.5
170,68,0.75
21,52,1.0
52,290,0.5
45,53,1.0
232,82,0.0
82,298,0.0
37,199,0.25
29,165,0.5
166,304,0.75
37,56,0.5
181,23,0.25
82,255,1.0
87,35,0.25
44,84,1.0
268,33,0.0
22,241,0.75
111,208,0.5
89,95,0.0
176,270,1.0
244,79,0.0
145,370,0.75
138,385,0.75
201,335,0.75
254,409,0.75
123,78,0.25
127,310,0.0
51,104,0.25
110,20,0.25
76,297,0.5
264,362,0.0
230,117,0.75
100,355,0.5
34,319,0.5
275,89,0.0
276,182,0.5
248,186,0.5
131,148,0.75
79,200,0.75
73,433,0.75
98,93,0.5
74,1,0.5
104,207,1.0
70,238,0.25
0,7,0.75
74,217,1.0
150,67,1.0
182,169,1.0
50,409,0.5
29,323,0.25
266,172,0.75
3,98,0.5
122,19,1.0
149,409,1.0
40,115,1.0
58,254,0.0
111,215,0.5
199,23,0.0
197,257,0.75
252,422,1.0
216,414,0.5
65,374,1.0
145,167,0.5
96,408,0.25
286,140,0.0
97,20,0.75
89,436,0.0
159,308,0.25
268,276,0.0
77,245,0.75
273,301,0.25
229,249,0.25
280,212,0.0
54,335,0.0
142,328,1.0
115,424,0.5
50,37,0.25
53,428,0.5
223,401,1.0
52,89,0.25
246,406,1.0
192,166,1.0
206,377,0.25
37,401,1.0
19,326,0.25
99,300,0.5
111,210,0.0
193,108,0.75
232,22,0.0
206,393,0.75
190,343,0.75
155,334,0.5
54,391,0.25
101,264,0.5
59,342,0.5
72,399,0.5
236,193,0.25
217,361,0.25
298,44,0.0
264,355,0.0
176,127,0.5
298,44,1.0
144,242,0.5
288,50,0.25
60,214,0.75
76,184,0.0
92,162,0.75
17,48,0.25
177,143,0.75
213,170,0.25
139,412,0.0
290,182,0.75
221,168,0.0
194,356,0.25
18,71,0.75
293,83,0.25
5,136,1.0
80,364,0.0
83,60,0.75
229,154,0.75
271,126,0.5
250,35,0.5
33,191,0.75
169,157,0.5
274,51,0.0
78,261,1.0
219,180,0.75
202,413,0.75
35,32,1.0
115,306,0.75
15,138,0.5
4,118,0.25
55,119,0.25
78,362,0.0
16,171,1.0
217,19,0.75
56,32,0.5
172,279,0.75
19,317,0.5
8,173,0.25
259,398,0.25
119,261,0.25
27,341,0.75
91,244,0.75
210,130,0.25
160,215,1.0
165,177,0.0
236,168,0.0
20,189,0.75
212,210,0.75
159,136,1.0
91,432,0.25
193,258,0.25
250,134,0.25
249,367,1.0
162,325,0.0
183,31,0.75
231,383,0.5
82,166,0.75
272,156,0.0
16,78,0.5
253,400,1.0
95,174,0.25
121,356,1.0
236,425,0.75
157,275,1.0
145,392,1.0
20,93,0.25
295,242,0.25
46,77,0.25
93,329,0.75
118,74,0.5
135,401,0.5
21,84,0.75
294,266,0.5
217,260,0.75
237,291,0.5
19,110,0.25
261,296,0.0
51,177,0.0
171,362,0.25
291,84,0.5
113,377,0.5
149,34,1.0
245,246,0.5
241,359,1.0
66,187,1.0
128,57,0.5
144,151,0.75
47,128,0.0
177,165,0.75
285,241,0.25
105,410,0.75
166,251,0.25
99,374,0.5
185,103,0.0
14,257,1.0
245,365,0.75
175,253,0.0
149,329,1.0
297,43,0.75
184,329,0.75
282,164,0.25
112,163,0.25
198,362,0.5
210,412,0.25
65,249,0.75
87,311,0.0
295,132,0.25
231,240,0.75
247,104,1.0
184,159,1.0
65,24,0.0
226,355,0.0
14,215,1.0
131,275,0.0
45,194,0.25
141,388,0.25
151,247,0.0
99,39,0.25
211,432,1.0
63,262,0.5
82,424,0.75
284,18,1.0
13,178,0.5
195,395,0.0
240,378,1.0
61,318,0.25
273,119,0.5
107,293,0.25
97,347,0.5
115,84,0.75
110,399,0.5
159,204,0.0
217,391,1.0
123,241,1.0
157,270,0.0
130,323,0.75
275,111,0.25
57,13,0.25
223,347,0.5
70,322,0.25
8,177,0.75
143,310,0.75
110,189,0.0
93,73,0.25
221,73,0.25
161,363,0.25
239,348,0.5
17,245,0.75
226,102,0.75
86,26,0.25
178,348,0.0
238,13,0.5
298,87,0.5
131,74,0.5
122,133,0.0
298,144,1.0
136,118,1.0
213,421,0.5
107,50,0.5
120,112,0.75
269,397,1.0
188,400,1.0
1,41,0.75
153,287,0.75
92,388,0.75
169,225,0.75
96,159,0.5
266,167,0.75
3,83,0.75
288,370,0.5
137,124,0.25
256,5,0.75
78,66,0.25
69,284,0.75
195,38,0.0
62,338,0.25
69,12,0.0
28,107,1.0
151,346,0.25
154,315,0.75
226,150,0.5
184,379,0.5
202,413,0.25
142,79,1.0
253,11,0.75
212,102,0.75
180,250,1.0
245,54,0.5
150,418,0.5
293,405,0.75
106,189,1.0
227,312,1.0
98,65,0.5
287,240,1.0
247,23,0.75
206,106,0.25
108,286,0.25
141,239,0.75
239,413,0.75
37,327,1.0
104,127,0.75
25,362,0.5
297,323,1.0
216,347,0.5
17,64,0.75
123,129,1.0
29,381,0.25
5,138,0.75
247,76,1.0
122,314,0.75
140,211,0.5
107,304,0.0
160,96,1.0
168,326,0.25
62,364,0.0
59,33,0.25
109,143,0.0
151,262,1.0
267,99,0.75
75,327,0.25
275,407,0.5
246,434,0.25
163,216,0.75
6,160,0.5
84,64,0.25
260,23,0.5
155,270,0.25
183,270,1.0
92,340,0.25
242,66,0.0
6,148,0.5
182,306,0.0
129,237,1.0
224,199,0.25
103,326,0.5
299,146,0.75
21,208,0.25
160,176,0.0
180,320,0.5
46,312,0.5
132,391,0.0
248,4,0.25
253,215,0.75
124,62,0.0
268,360,0.5
274,73,0.0
115,240,0.0
116,96,0.5
5,142,0.5
73,377,0.5
238,115,0.5
249,369,1.0
152,277,0.0
278,64,1.0
228,336,0.75
84,413,0.0
103,210,0.0
63,302,0.75
92,326,1.0
182,18,0.25
146,316,0.75
201,367,0.75
277,427,0.25
69,331,0.75
260,146,0.0
70,309,0.5
202,30,0.5
87,31,0.25
166,64,0.5
289,245,0.75
121,271,0.0
24,297,0.75
224,173,1.0
31,290,0.75
176,166,0.0
169,215,0.0
168,431,0.25
282,254,0.0
73,220,0.0
139,384,1.0
266,294,0.5
1,54,0.5
157,189,0.25
198,172,0.0
191,316,0.75
144,382,0.5
265,69,0.5
242,35,0.75
264,400,0.75
87,238,0.5
286,422,0.5
113,115,1.0
32,199,1.0
178,243,0.25
289,412,1.0
231,35,1.0
191,403,0.0
154,53,1.0
115,357,0.5
154,12,0.0
213,23,0.5
217,22,0.25
89,270,0.5
111,252,0.0
191,183,0.0
228,346,1.0
219,342,0.25
163,11,0.25
293,210,0.75
168,236,0.5
174,390,0.5
135,290,0.25
193,184,1.0
187,137,0.75
119,396,0.5
65,51,0.75
277,102,1.0
294,243,0.0
172,424,0.0
143,148,0.25
272,58,0.25
44,165,0.25
123,294,0.25
286,211,0.5
234,382,0.25
266,428,1.0
258,140,1.0
221,216,0.5
62,383,0.75
238,347,0.25
6,159,0.5
86,344,0.75
147,8,0.0
55,331,0.75
172,265,0.25
61,234,1.0
141,424,0.5
231,75,0.25
32,394,0.25
98,90,1.0
286,114,0.25
221,377,0.0
259,121,0.25
78,316,0.25
76,425,0.5
206,88,0.25
91,120,0.5
185,429,0.25
127,217,0.75
113,317,0.5
280,194,0.0
230,82,1.0
109,262,0.5
112,108,0.25
17,298,0.5
184,201,1.0
173,120,0.0
128,344,0.25
132,11,0.25
259,223,0.75
126,245,0.0
223,293,0.5
129,179,1.0
143,302,1.0
203,23,0.25
202,242,0.5
29,383,1.0
28,367,0.5
79,167,0.25
197,209,1.0
244,25,0.5
129,304,0.75
73,128,0.5
43,389,0.25
154,275,0.25
69,125,0.5
119,310,0.0
253,326,1.0
17,234,0.75
104,1,0.25
282,253,0.5
77,381,0.5
290,72,0.0
281,16,0.75
71,297,0.75
53,277,0.0
219,363,0.5
227,230,0.5
209,195,0.5
165,196,1.0
152,219,1.0
10,219,0.25
42,274,0.25
211,265,0.0
93,83,0.5
160,284,1.0
270,256,0.75
78,197,0.25
210,157,0.25
13,63,0.75
277,231,0.25
152,151,1.0
195,279,0.5
250,409,0.75
185,23,0.75
204,128,0.75
60,381,0.5
207,332,0.75
127,189,0.75
44,99,1.0
39,213,0.75
112,78,0.25
22,259,0.75
128,41,0.75
86,401,0.5
145,62,1.0
275,226,1.0
142,223,1.0
233,169,1.0
296,21,0.0
72,286,0.0
289,372,0.5
90,96,1.0
162,321,1.0
209,205,0.5
234,242,0.0
89,232,0.5
281,423,0.25
82,417,0.0
229,90,1.0
262,43,0.25
238,131,1.0
132,239,0.0
144,284,1.0
195,278,0.25
60,377,0.0
108,129,1.0
206,88,1.0
209,353,0.75
259,320,0.25
236,160,0.25
197,227,0.0
287,367,0.25
236,121,0.0
70,243,1.0
171,399,0.5
290,276,0.0
186,192,0.5
197,300,0.75
26,288,0.75
287,254,1.0
248,220,0.0
22,33,0.75
119,277,0.25
96,308,0.5
131,47,0.75
48,349,0.0
251,132,1.0
277,5,0.0
66,262,0.5
11,8,1.0
79,215,0.5
255,298,0.0
130,116,0.25
39,114,0.5
114,108,0.5
149,16,0.5
174,292,1.0
63,212,0.0
117,331,0.75
292,112,0.5
193,126,0.75
197,11,0.75
189,192,0.0
73,317,0.0
263,270,0.75
31,29,0.25
183,197,0.75
174,250,0.25
233,96,0.0
79,297,0.0
149,416,0.0
35,107,0.25
145,113,1.0
147,253,0.0
185,409,0.5
256,123,0.5
181,293,0.5
92,33,1.0
244,39,0.5
147,336,0.5
70,424,0.0
32,225,0.5
43,100,0.5
195,118,0.0
201,417,0.25
202,100,0.0
20,154,0.25
210,211,0.5
12,95,0.25
48,124,0.25
58,393,1.0
72,7,0.25
59,199,0.75
127,152,0.5
48,279,0.0
40,260,0.25
16,220,0.5
66,282,0.0
59,37,0.5
268,215,0.5
204,103,0.75
48,189,0.25
117,296,0.75
139,114,0.25
216,94,0.25
191,432,0.5
138,213,1.0
171,394,0.5
235,90,0.5
128,361,1.0
164,88,0.5
191,359,0.5
171,244,0.25
140,1,0.0
201,153,1.0
188,375,0.25
141,90,0.75
175,28,0.25
181,41,0.0
158,20,0.5
180,174,1.0
31,268,0.25
56,165,0.5
181,427,0.25
184,32,0.75
212,126,1.0
171,245,0.5
262,397,1.0
265,50,0.75
194,369,0.5
244,206,1.0
161,255,0.5
273,204,0.25
8,95,0.75
104,436,0.25
36,248,0.5
58,158,1.0
258,263,0.25
59,186,0.5
201,430,0.0
40,16,0.75
2,55,1.0
236,288,0.0
25,265,0.5
93,409,0.25
151,342,1.0
9,13,0.5
18,271,1.0
32,112,0.75
49,41,1.0
148,402,0.75
47,48,0.75
219,285,0.0
165,14,0.75
242,178,1.0
94,384,1.0
168,264,0.25
241,246,0.5
45,108,0.25
56,66,0.5
100,29,0.75
216,271,0.25
132,309,0.0
78,226,0.5
115,264,0.0
157,196,0.0
49,267,0.25
178,121,0.75
286,148,0.0
212,288,0.5
281,62,1.0
48,173,1.0
71,130,1.0
216,212,1.0
90,66,0.75
281,33,0.0
281,185,0.25
130,384,0.75
50,59,1.0
32,154,0.25
12,154,0.25
222,98,0.5
60,244,1.0
98,34,0.25
99,146,1.0
217,65,0.25
296,330,0.5
242,236,0.0
56,36,0.25
0,17,0.5
216,208,1.0
100,24,0.25
228,238,0.0
86,141,0.0
118,415,0.75
225,183,0.25
65,41,0.25
13,88,0.25
178,194,0.25
167,132,0.5
198,142,0.5
239,82,0.75
87,157,0.0
133,233,0.5
71,166,0.75
142,402,0.5
170,182,0.5
44,257,0.25
85,5,0.0
36,91,1.0
36,348,0.25
281,59,0.0
95,101,0.75
165,264,0.5
61,373,1.0
136,271,1.0
205,249,0.0
261,33,0.0
133,360,0.25
260,109,0.5
246,33,0.5
199,46,0.75
66,425,0.0
194,240,0.0
218,11,0.25
182,259,0.5
50,123,1.0
269,74,1.0
284,375,0.25
140,300,1.0
237,220,0.5
14,167,0.25
77,253,0.0
258,179,1.0
25,57,1.0
234,134,0.0
14,263,0.75
142,408,0.0
164,191,1.0
106,362,0.5
289,210,0.75
297,61,1.0
130,161,0.25
68,349,1.0
46,74,0.25
51,53,0.75
128,430,1.0
118,147,0.25
80,336,0.5
97,30,0.5
82,318,0.25
186,388,0.25
101,323,0.5
79,385,0.25
39,180,0.25
116,273,0.75
294,155,0.5
248,123,1.0
213,168,0.5
135,65,0.75
131,357,1.0
189,35,0.25
235,11,0.0
272,381,0.0
56,397,0.5
115,137,0.5
28,222,0.5
165,233,0.75
267,347,0.75
174,366,0.0
57,394,0.25
273,113,0.0
270,329,0.0
23,329,1.0
40,414,0.25
72,364,1.0
115,43,0.75
79,274,0.0
9,196,1.0
262,199,0.0
222,351,1.0
16,8,1.0
246,89,1.0
98,335,0.25
98,282,1.0
44,236,0.75
179,303,0.25
124,358,0.0
283,128,0.25
216,311,0.0
35,319,0.5
185,421,1.0
92,206,0.25
139,132,0.25
87,168,0.25
241,56,0.25
252,134,0.0
198,148,0.0
99,222,0.25
53,27,0.0
158,133,0.75
111,217,0.25
261,335,1.0
184,127,0.75
285,339,0.0
47,95,0.5
151,379,0.0
137,333,1.0
132,133,0.0
220,244,0.0
134,386,0.5
110,304,0.0
88,159,0.5
159,155,1.0
27,311,0.25
141,21,0.25
128,115,0.75
47,233,1.0
297,332,1.0
166,400,1.0
192,24,0.25
112,249,0.25
245,51,1.0
83,216,0.5
135,198,0.75
250,232,0.75
23,344,0.75
117,121,0.5
242,98,0.5
179,108,0.0
142,120,0.25
95,275,0.75
137,37,0.75
203,180,0.75
267,354,0.25
279,58,0.75
218,121,0.75
25,95,1.0
64,170,1.0
155,44,0.0
103,352,0.25
101,314,0.5
279,96,0.5
290,129,0.25
180,146,0.5
40,15,0.25
108,88,0.5
211,127,1.0
168,290,0.75
134,423,0.5
14,260,0.75
7,123,0.75
125,336,0.5
231,77,1.0
220,296,0.75
105,174,0.25
86,2,1.0
267,240,0.25
261,11,0.5
269,231,0.5
147,184,0.75
222,411,0.5
40,165,0.75
255,21,0.75
121,434,0.5
29,211,0.75
164,219,0.0
277,307,0.0
271,348,1.0
169,19,0.75
275,165,0.25
204,193,1.0
73,72,0.5
253,363,0.5
281,116,0.5
188,361,0.75
188,93,0.5
280,27,0.25
256,126,1.0
24,94,1.0
198,311,0.5
201,183,1.0
2,61,0.5
285,378,1.0
130,239,0.75
129,294,1.0
143,421,1.0
195,140,0.25
15,16,0.75
178,40,0.0
48,420,0.75
198,267,0.25
266,120,0.25
14,255,0.5
203,64,0.0
200,192,0.5
125,367,0.0
159,76,0.0
279,1,0.0
17,259,0.75
113,51,1.0
225,108,1.0
177,349,1.0
4,16,0.75
188,424,0.5
29,357,0.25
9,199,0.75
18,312,0.5
17,81,0.75
162,27,0.0
0,23,1.0
177,122,0.75
142,176,0.25
32,178,0.5
219,414,0.0
182,18,0.75
144,349,0.5
247,311,0.0
61,169,1.0
284,406,0.75
258,115,0.0
164,50,0.75
258,136,0.0
134,149,0.75
170,142,0.5
194,349,0.0
298,193,0.5
141,95,0.0
25,361,0.5
193,220,0.0
167,354,0.5
291,71,0.25
76,212,0.0
268,327,0.5
108,257,0.25
145,139,1.0
75,365,0.25
295,382,0.25
151,56,0.75
123,193,0.5
28,25,1.0
56,39,0.5
264,124,0.0
30,175,0.25
45,390,0.75
176,334,1.0
238,278,0.0
61,230,0.0
279,155,1.0
93,417,0.0
54,102,0.5
122,107,0.0
235,288,0.25
40,72,0.5
229,248,1.0
188,312,0.5
180,121,1.0
285,55,0.75
68,356,0.75
9,190,1.0
10,97,0.25
264,92,1.0
122,278,0.0
274,374,0.25
297,371,0.0
29,128,0.25
62,118,0.5
137,258,1.0
265,287,0.75
148,37,0.0
283,389,1.0
147,250,0.0
234,35,0.0
228,429,1.0
225,240,1.0
159,225,0.0
184,43,0.0
216,431,0.75
222,154,0.25
149,428,1.0
235,56,0.25
257,16,0.25
127,328,0.25
278,263,0.25
219,390,0.75
144,243,1.0
54,309,0.75
154,348,0.25
130,125,0.0
153,387,0.5
211,270,0.5
246,4,0.25
191,41,0.25
269,53,0.5
258,68,0.75
258,287,0.5
130,246,0.75
56,320,1.0
74,30,1.0
274,193,0.0
37,147,0.5
296,420,0.25
141,0,0.25
266,119,0.0
82,339,0.0
223,108,0.75
263,317,0.5
230,121,0.0
118,129,0.75
69,180,1.0
280,8,0.25
75,0,0.0
38,251,0.5
165,119,0.75
149,241,0.5
213,158,0.25
276,389,0.75
149,394,0.25
44,293,0.5
10,193,0.75
13,251,0.25
201,225,1.0
232,107,1.0
53,422,0.75
286,174,0.75
96,179,0.0
273,266,0.0
60,300,1.0
244,77,0.25
142,188,0.25
79,71,1.0
184,298,0.0
221,223,0.25
217,348,0.0
192,28,0.25
206,418,1.0
2,56,1.0
113,272,0.0
213,115,1.0
27,373,0.75
177,22,1.0
154,162,0.5
246,321,0.0
129,425,0.25
174,306,0.25
72,185,0.0
164,90,1.0
126,106,0.75
266,83,0.25
266,436,0.5
11,202,1.0
230,116,0.5
271,35,0.75
287,409,0.0
143,361,0.5
64,370,1.0
147,274,0.25
249,143,0.5
284,49,0.5
247,56,0.5
26,38,0.5
52,128,1.0
11,2,1.0
252,319,0.5
164,421,0.5
291,189,0.25
278,343,0.0
68,356,0.5
34,178,0.25
225,191,1.0
135,168,0.0
3,2,1.0
142,321,1.0
201,428,1.0
79,314,0.5
285,372,0.75
55,302,0.0
30,335,0.75
286,355,0.5
6,151,0.75
246,220,0.5
209,245,0.0
138,194,1.0
75,310,0.5
125,406,0.25
134,340,0.75
24,12,0.5
23,163,0.75
74,215,0.5
36,362,1.0
39,92,0.5
162,43,1.0
249,225,0.5
77,299,0.75
58,372,0.75
267,0,0.75
230,62,0.0
278,339,0.5
239,234,0.0
192,361,0.25
20,296,1.0
224,146,0.25
296,42,0.75
205,343,1.0
158,10,0.75
119,112,0.0
37,257,1.0
8,175,0.5
273,67,1.0
60,25,0.0
219,339,0.25
59,355,0.25
198,122,0.75
69,176,1.0
128,72,0.25
169,220,0.75
48,392,0.75
69,344,1.0
172,205,0.0
268,14,0.25
177,261,0.5
238,107,1.0
35,238,1.0
125,189,0.75
237,21,0.75
197,369,0.5
75,104,0.25
34,395,1.0
229,386,0.5
52,358,0.25
288,107,0.25
251,196,0.25
116,340,0.0
73,99,0.75
191,346,0.5
81,175,1.0
267,44,0.25
166,304,0.5
99,227,0.75
213,76,1.0
175,248,1.0
81,8,0.25
272,208,0.5
270,334,0.75
216,19,0.0
204,246,0.25
101,36,0.5
221,91,0.0
204,50,1.0
215,90,0.75
156,266,0.0
207,367,0.75
241,275,0.0
91,341,0.5
230,356,0.25
66,191,0.25
17,4,1.0
173,142,1.0
9,32,0.25
265,101,0.25
107,179,0.25
197,99,0.5
243,326,0.0
239,278,0.0
297,83,0.25
128,337,0.75
198,193,1.0
186,289,0.25
289,286,0.25
202,41,0.5
297,342,0.75
187,273,0.0
205,254,0.5
297,409,0.5
141,435,0.5
149,89,0.75
204,82,0.0
147,92,0.0
60,266,0.75
254,314,0.75
225,296,1.0
140,17,1.0
122,203,0.25
280,273,1.0
12,152,0.75
78,423,0.5
297,174,0.75
64,101,0.75
207,142,0.0
22,340,0.25
287,391,0.0
162,226,1.0
171,382,0.0
143,284,1.0
55,69,1.0
147,176,0.75
288,182,1.0
175,79,1.0
49,317,0.75
131,210,1.0
43,148,0.5
22,26,0.75
163,128,1.0
95,6,1.0
64,202,0.0
188,158,0.0
151,191,0.5
193,322,0.0
153,144,0.75
64,253,0.25
233,60,0.75
209,44,0.5
223,272,0.5
132,26,0.75
51,382,0.25
136,309,1.0
280,338,0.5
192,405,0.25
14,50,1.0
106,122,0.25
56,3,0.0
193,97,0.75
38,11,0.5
280,122,1.0
285,243,0.0
263,299,0.25
37,166,0.25
198,396,0.75
145,191,0.0
156,26,0.5
64,218,1.0
74,137,0.75
30,303,0.25
57,183,0.0
174,141,0.0
237,107,0.0
43,215,0.5
125,375,0.75
239,289,0.25
166,130,0.25
17,299,0.25
193,93,1.0
264,236,0.5
104,99,1.0
143,16,0.25
138,142,1.0
101,372,0.5
203,198,0.75
214,185,0.75
211,98,0.5
96,121,0.75
140,305,0.25
109,38,0.75
76,387,0.5
132,432,0.5
150,148,0.5
68,221,0.5
218,281,1.0
234,389,0.75
252,268,0.75
297,149,0.0
289,340,0.75
50,215,0.75
129,386,0.0
218,254,0.5
47,406,0.0
66,377,0.5
279,212,1.0
173,156,0.25
18,208,1.0
271,425,0.0
78,295,0.0
52,91,0.25
187,74,0.0
71,390,0.25
123,39,0.5
229,169,0.25
210,178,0.25
98,36,1.0
39,0,0.5
28,190,0.5
235,134,0.5
282,416,1.0
14,263,0.25
199,91,0.25
288,82,0.5
91,112,1.0
208,84,0.0
223,61,0.5
114,15,0.25
257,271,1.0
204,241,1.0
8,64,0.5
42,85,0.5
7,169,0.5
12,245,0.75
205,147,0.25
176,208,0.75
186,300,0.25
158,33,0.75
121,331,0.5
223,301,0.75
32,76,0.75
40,387,0.25
121,223,0.0
78,88,0.75
71,373,0.25
223,59,0.5
191,67,0.25
29,199,1.0
114,357,0.5
123,403,0.25
190,296,0.5
278,359,0.0
184,96,1.0
131,368,0.0
261,90,0.75
96,34,0.75
184,285,0.0
286,262,1.0
22,314,0.25
183,195,1.0
275,194,0.25
182,96,0.0
255,344,0.75
8,173,0.5
173,262,1.0
290,154,0.0
64,423,0.75
199,255,0.0
174,95,1.0
172,8,0.25
21,338,0.25
65,198,0.0
68,6,0.25
71,368,0.75
26,138,0.5
106,386,0.25
96,219,0.25
65,87,0.0
9,198,1.0
232,317,0.0
204,270,0.25
176,161,0.5
291,260,0.0
49,14,0.75
285,83,0.75
75,130,0.0
28,181,0.25
205,351,0.25
206,304,0.5
213,290,0.5
133,121,0.25
64,122,0.75
173,324,0.5
36,308,0.75
50,177,0.75
226,25,0.25
180,263,0.5
297,397,1.0
161,400,1.0
17,208,0.25
126,28,0.5
2,58,0.5
77,354,0.75
87,179,0.0
143,382,1.0
92,260,0.5
155,421,1.0
18,289,1.0
116,362,0.25
90,157,1.0
50,362,0.0
74,119,0.25
46,398,0.0
22,342,0.75
219,431,0.0
279,311,1.0
287,221,0.5
248,380,0.0
183,105,0.25
273,406,0.75
276,172,1.0
126,231,0.0
237,365,1.0
13,252,1.0
97,121,0.25
201,259,0.25
2,43,0.25
266,22,0.25
184,73,0.0
243,267,0.25
105,57,0.0
72,388,1.0
56,149,0.0
113,57,1.0
100,290,0.75
154,420,0.75
299,324,0.25
285,247,0.0
4,120,0.75
203,206,0.75
230,79,0.0
26,136,1.0
140,211,0.25
77,26,1.0
163,401,0.5
217,52,0.75
2,42,1.0
48,201,0.0
65,148,0.5
75,415,1.0
53,365,1.0
83,98,0.0
89,370,0.25
31,44,0.5
56,336,0.75
21,160,0.5
208,367,0.0
131,121,0.25
177,363,0.5
298,14,0.0
157,36,0.5
159,18,0.25
248,401,0.0
159,212,1.0
281,20,0.5
86,3,0.5
215,114,1.0
244,260,0.5
35,320,0.5
44,208,0.5
26,27,0.5
127,106,0.75
113,387,1.0
282,398,0.5
57,239,0.25
283,327,1.0
135,270,0.25
146,299,0.75
52,283,0.25
63,379,0.5
224,223,0.5
122,194,0.25
101,200,0.25
86,327,1.0
23,299,0.25
47,269,0.0
232,84,1.0
227,406,1.0
21,337,0.5
198,143,0.75
136,393,1.0
181,181,0.5
211,324,0.0
14,244,0.25
101,341,1.0
54,194,1.0
290,52,0.25
231,328,0.25
157,272,0.5
241,144,0.5
5,139,0.75
234,75,0.75
101,217,0.0
14,267,0.5
230,139,0.0
43,60,1.0
140,328,0.0
292,432,0.25
135,402,0.75
15,273,1.0
141,337,0.0
101,349,0.5
278,147,0.75
36,273,0.5
68,128,0.25
71,258,1.0
227,20,0.75
28,278,0.5
288,47,0.75
62,15,1.0
178,359,1.0
52,140,0.5
183,345,0.5
271,17,0.25
105,64,1.0
265,359,1.0
14,265,0.5
149,225,0.25
284,213,0.5
275,200,0.5
36,341,1.0
182,229,0.0
273,166,0.25
92,343,0.25
67,366,0.0
251,194,0.5
81,53,1.0
73,7,0.0
1,11,1.0
205,408,0.5
277,137,0.25
207,41,1.0
57,356,1.0
158,365,0.25
199,6,1.0
101,409,0.75
231,24,0.0
28,196,0.5
67,335,1.0
238,417,0.25
247,227,0.75
189,298,1.0
111,113,1.0
172,167,0.0
95,186,1.0
229,229,0.0
226,2,0.75
53,83,0.25
8,108,0.75
213,241,0.5
44,316,1.0
202,210,0.25
221,15,0.0
202,162,1.0
71,214,0.5
153,99,0.5
108,371,0.5
29,262,0.25
125,129,0.0
192,112,0.5
213,275,0.0
276,59,0.75
74,166,0.75
253,63,0.75
204,258,0.75
108,79,0.75
190,140,0.25
158,311,0.25
162,52,0.5
257,235,0.75
220,376,0.75
181,167,0.0
163,309,0.5
229,333,0.0
274,427,0.0
115,151,0.0
189,230,0.5
34,105,0.25
152,151,0.75
277,77,0.0
227,65,0.25
245,108,1.0
101,418,0.25
136,195,0.5
40,231,0.25
156,368,0.75
54,80,0.0
263,175,0.0
90,211,0.5
83,54,1.0
264,377,0.25
282,20,0.0
163,417,0.0
172,312,0.0
16,34,0.5
261,407,0.0
138,244,0.25
95,4,0.25
119,308,0.5
79,79,0.0
298,409,0.0
93,279,0.0
161,103,1.0
124,100,1.0
161,28,0.25
259,144,1.0
27,358,1.0
259,229,0.5
233,7,0.0
294,334,0.25
275,100,0.0
174,234,0.75
222,17,0.0
174,161,0.5
177,276,1.0
174,310,0.5
19,67,1.0
193,256,1.0
53,38,0.5
132,333,1.0
244,148,1.0
124,254,1.0
215,120,0.25
97,52,0.0
54,211,1.0
118,407,0.75
289,79,0.25
24,352,0.5
201,121,0.0
11,222,0.5
10,216,0.75
294,194,1.0
264,32,0.25
58,154,1.0
231,416,0.0
231,350,1.0
66,106,1.0
39,113,0.75
176,141,0.0
111,413,1.0
1,38,0.25
199,391,0.75
31,31,0.5
189,57,1.0
271,253,0.5
164,217,0.75
15,39,0.75
41,45,0.75
196,332,0.0
19,222,0.5
103,164,0.75
84,378,0.0
197,240,0.25
253,320,0.0
136,217,0.0
104,251,0.5
44,291,0.5
90,430,0.25
49,373,1.0
64,52,0.75
195,302,1.0
121,28,0.75
38,57,0.25
230,187,0.5
36,171,0.75
254,285,0.0
157,231,0.0
80,430,0.0
18,1,0.25
56,15,0.5
96,11,0.25
18,315,0.5
276,78,0.75
212,304,0.25
255,61,0.5
237,380,1.0
180,238,0.25
57,283,0.5
190,1,0.0
197,270,0.5
10,211,0.25
74,100,1.0
299,252,0.75
42,294,1.0
232,26,0.75
42,204,0.5
19,294,1.0
71,432,0.0
253,195,0.5
296,292,0.0
208,299,0.5
131,63,0.0
109,213,0.5
10,188,0.25
132,198,0.5
241,143,0.5
51,255,0.75
290,114,0.75
276,242,0.5
259,4,0.5
207,222,0.75
286,241,0.5
152,329,0.0
87,219,1.0
284,44,0.0
92,56,0.5
64,355,0.25
261,430,0.5
41,23,0.25
48,239,0.75
251,239,0.0
247,47,0.0
201,257,0.5
101,303,0.25
117,401,0.0
134,318,1.0
291,88,1.0
237,157,0.0
47,423,1.0
269,190,0.75
16,288,0.25
16,95,1.0
194,163,1.0
196,345,0.5
130,27,0.25
184,279,0.25
287,326,0.0
45,297,1.0
184,372,0.5
60,146,1.0
158,304,0.5
188,67,0.75
180,348,1.0
262,213,0.0
171,54,0.75
15,139,0.25
122,291,0.0
214,292,1.0
60,69,1.0
234,422,1.0
124,360,0.75
194,229,0.5
49,416,1.0
0,12,0.5
130,21,0.0
83,134,0.5
147,10,0.5
30,240,0.25
107,233,1.0
237,286,0.5
294,208,0.25
114,36,0.75
81,20,0.0
128,156,0.5
137,395,1.0
89,61,0.5
237,128,0.0
284,331,0.0
171,352,0.5
267,121,1.0
167,178,1.0
57,86,0.5
199,13,1.0
222,345,0.25
98,126,0.75
133,98,0.25
298,214,0.0
115,81,0.75
298,181,0.25
99,239,0.25
207,101,0.25
3,99,1.0
25,259,1.0
88,189,0.5
147,29,0.25
18,150,1.0
27,374,0.5
276,345,0.0
63,365,0.75
165,25,1.0
206,409,0.75
236,390,0.0
245,162,0.5
35,287,1.0
186,94,0.0
175,267,1.0
18,267,1.0
180,324,0.25
193,225,0.75
282,352,0.0
45,91,0.5
3,92,0.5
260,313,0.0
297,254,0.75
16,287,0.25
209,404,0.25
148,217,0.25
258,250,0.25
192,20,1.0
80,130,0.0
291,322,0.0
163,393,0.75
109,215,0.0
90,89,0.0
177,386,0.0
44,202,0.5
146,128,0.75
19,244,0.25
266,360,0.75
143,378,0.5
169,207,1.0
17,300,0.5
244,74,0.25
292,127,0.25
39,175,0.75
263,69,0.75
132,297,0.5
133,349,0.25
140,182,0.75
196,85,0.75
229,372,1.0
260,273,0.75
192,426,0.5
93,121,0.25
67,124,0.75
3,85,0.5
21,31,0.75
130,261,0.75
184,373,0.75
73,56,0.0
102,340,0.0
185,52,0.75
244,177,0.25
139,113,1.0
124,233,0.75
289,305,0.25
70,257,0.25
69,404,0.5
239,221,0.5
90,117,1.0
113,14,0.0
203,88,0.75
286,226,0.5
25,224,0.5
205,63,0.0
53,27,0.25
181,12,1.0
172,366,0.5
37,400,0.25
159,313,1.0
180,154,1.0
174,25,0.0
82,157,0.25
30,260,0.5
219,232,0.0
84,170,0.5
211,128,0.5
150,292,0.5
65,190,0.0
148,269,0.25
108,99,0.5
133,334,0.0
241,275,1.0
177,190,1.0
44,421,0.75
143,270,0.25
184,120,0.25
192,26,0.0
283,253,0.0
2,69,0.5
269,322,0.5
14,190,0.5
26,309,0.5
176,15,0.75
196,80,1.0
238,190,1.0
135,353,0.0
170,293,1.0
121,17,0.25
103,218,1.0
231,234,0.25
84,241,0.75
39,146,0.25
143,1,1.0
58,9,0.5
215,252,0.0
297,390,0.75
130,335,0.75
90,324,0.0
262,82,0.25
260,113,0.75
8,182,0.5
83,265,1.0
13,122,0.5
269,245,0.5
156,315,0.75
49,376,0.0
159,87,0.25
17,29,0.75
258,186,0.5
30,139,0.75
131,271,0.5
252,119,0.75
257,77,0.25
118,350,0.5
177,393,0.0
143,122,0.5
190,129,1.0
30,133,0.5
294,146,0.5
242,315,1.0
39,176,0.75
113,365,0.75
194,263,0.75
127,181,1.0
85,334,0.25
157,217,0.75
277,205,0.5
254,324,0.5
277,54,0.5
112,94,0.75
84,199,0.0
95,239,0.0
288,245,0.5
71,189,0.5
148,189,0.25
78,94,0.5
42,143,0.5
15,78,0.75
60,249,0.5
235,409,1.0
138,374,0.75
28,379,0.25
129,157,1.0
217,203,0.5
150,152,0.0
298,335,0.75
247,37,1.0
142,131,1.0
17,39,0.25
30,68,0.5
156,122,1.0
72,203,0.0
222,278,1.0
157,415,0.0
94,348,1.0
144,398,0.5
290,404,0.0
49,291,0.5
132,345,0.0
269,58,0.0
91,211,0.5
133,337,0.25
150,42,0.75
27,147,0.75
171,295,1.0
208,371,0.75
120,248,0.5
292,194,0.25
8,189,1.0
3,87,0.5
60,266,0.5
273,417,0.75
105,118,0.0
193,48,0.25
174,160,0.25
45,266,0.75
295,63,0.0
133,142,0.0
8,180,0.5
193,26,0.0
76,35,0.5
103,226,1.0
289,214,0.0
126,271,0.75
272,135,1.0
211,277,0.0
38,266,0.75
200,250,1.0
201,230,0.0
137,242,0.25
2,67,0.25
232,184,0.75
153,82,0.0
102,243,0.0
291,131,0.75
31,160,0.25
4,117,0.75
230,68,1.0
127,340,0.5
230,134,0.75
88,217,0.5
256,68,0.75
263,314,0.0
19,150,0.25
3,93,0.25
158,3,0.75
146,108,0.75
283,266,0.5
260,1,0.5
286,147,0.5
140,381,1.0
177,111,1.0
225,185,0.0
266,411,0.75
182,59,0.0
273,183,0.5
281,356,0.25
105,257,0.25
196,242,0.25
134,350,1.0
177,79,0.75
100,12,0.0
293,218,1.0
229,406,1.0
141,99,0.0
270,412,0.75
86,46,0.75
203,109,0.25
137,22,0.0
215,274,0.25
149,347,0.5
179,417,0.0
87,63,0.25
14,101,0.5
273,329,0.25
82,77,0.75
208,182,0.75
189,381,1.0
12,129,0.25
45,10,0.25
125,435,0.75
291,76,0.75
96,422,0.75
143,99,0.5
15,47,0.75
223,350,0.25
3,5,0.5
169,284,0.5
126,166,0.25
231,258,0.5
28,304,0.75
193,411,0.0
126,75,0.75
118,73,0.0
35,382,0.5
202,97,0.25
158,51,0.0
31,1,0.5
241,204,0.5
145,379,0.25
73,1,0.0
287,166,1.0
282,221,1.0
121,211,0.25
184,219,0.5
48,107,0.5
245,10,0.25
281,319,0.75
200,423,0.5
160,173,0.75
235,56,1.0
25,21,0.25
18,309,0.5
52,336,1.0
282,275,0.75
73,0,0.5
272,235,0.25
59,281,0.5
2,59,0.5
144,67,0.5
10,95,0.75
183,80,0.5
295,157,0.25
188,360,0.0
152,43,0.0
151,242,0.5
64,168,0.0
255,389,0.0
78,297,0.5
31,25,0.5
279,339,0.75
69,386,0.0
175,28,0.0
262,83,0.5
265,10,0.0
37,404,0.25
296,435,1.0
259,335,0.25
246,334,0.0
56,192,0.5
37,98,0.25
178,307,1.0
103,379,1.0
241,204,0.75
97,42,1.0
284,252,0.75
116,46,0.0
132,286,0.5
160,408,0.0
160,189,0.25
159,270,0.25
11,118,0.5
11,133,1.0
293,124,0.75
170,103,0.25
74,293,0.5
241,308,0.75
158,86,0.5
225,66,0.25
49,134,0.25
121,23,0.0
80,166,0.25
203,0,0.25
249,6,0.5
104,338,0.75
263,203,0.5
93,366,0.25
148,160,0.25
154,26,0.75
297,350,0.5
210,224,1.0
202,420,1.0
125,175,0.0
127,34,0.0
80,174,0.25
76,149,0.5
35,145,0.75
234,370,0.5
285,64,0.0
210,361,0.0
261,90,0.0
177,105,0.5
237,90,1.0
66,401,0.0
111,368,0.5
198,330,0.0
203,12,0.25
83,298,0.25
212,416,1.0
93,389,0.0
110,25,0.5
143,72,0.0
299,120,0.75
49,408,0.25
292,349,0.0
91,263,0.75
106,186,0.75
145,93,1.0
48,324,0.75
29,90,1.0
96,320,0.25
270,412,0.0
246,394,0.0
222,291,1.0
175,167,1.0
194,99,0.75
57,318,0.25
37,374,0.5
205,130,1.0
272,66,0.5
240,40,0.25
233,41,0.5
197,224,0.0
25,332,0.5
152,232,1.0
224,408,0.5
64,391,1.0
115,329,0.0
195,265,0.5
141,338,0.0
30,106,1.0
18,221,1.0
251,266,0.5
241,106,1.0
162,275,1.0
56,263,1.0
76,49,0.5
205,26,0.0
275,114,0.0
120,395,0.5
21,107,0.25
42,349,1.0
104,199,0.0
44,422,0.5
39,158,0.5
137,279,0.75
178,413,0.75
88,65,1.0
98,255,1.0
75,338,0.25
229,180,0.0
256,233,0.25
148,272,0.0
198,310,0.5
227,242,0.25
63,20,0.75
40,314,1.0
5,123,0.75
14,53,0.25
44,160,0.25
81,65,0.25
86,228,0.25
156,433,0.5
149,426,0.5
260,257,0.25
70,414,0.75
172,63,1.0
70,396,0.25
160,103,0.75
125,385,0.5
185,19,0.5
230,208,0.5
254,84,0.25
112,408,0.75
281,230,0.75
250,261,1.0
115,370,0.25
230,30,0.0
7,117,1.0
230,285,0.25
171,76,0.75
63,102,0.75
1,43,0.5
148,404,0.0
161,38,0.75
233,271,1.0
54,411,0.75
22,218,0.25
153,228,1.0
214,48,0.0
226,329,0.75
237,270,1.0
276,183,0.5
107,189,0.0
182,139,0.0
246,261,0.5
6,147,0.5
168,405,0.25
3,95,0.5
221,255,0.75
273,388,1.0
257,7,0.0
215,261,0.0
143,139,0.25
77,334,1.0
202,383,0.0
296,205,0.5
288,80,1.0
140,6,0.5
236,32,0.0
162,129,0.0
0,15,0.75
94,58,0.5
112,281,0.0
198,17,0.75
165,48,0.75
14,201,1.0
10,215,0.75
167,156,0.75
193,352,0.0
209,112,0.5
184,166,0.5
89,75,0.75
179,291,0.0
276,355,0.75
139,54,0.0
205,289,0.0
206,319,0.25
183,274,1.0
37,5,0.75
295,192,0.25
266,306,0.0
67,239,0.0
145,321,0.5
225,189,0.75
278,336,0.25
84,86,0.0
50,217,0.75
41,115,1.0
299,368,0.5
6,82,0.75
165,190,0.5
41,60,0.5
243,335,1.0
119,246,0.25
97,193,0.25
28,14,0.75
29,109,0.5
89,281,0.0
215,262,0.25
16,199,0.5
162,74,0.75
182,146,0.5
209,160,0.0
222,195,0.5
218,92,0.75
266,23,0.5
18,314,0.75
239,374,0.25
138,239,1.0
234,165,0.0
273,111,0.5
296,41,0.75
38,369,0.75
96,370,1.0
282,306,0.75
55,349,0.25
142,200,0.5
198,412,0.75
277,15,0.0
282,434,0.25
25,359,1.0
82,59,0.75
263,288,0.75
241,263,0.75
77,19,0.75
141,372,0.5
217,385,0.0
42,95,0.5
107,436,0.25
26,368,0.75
176,288,0.5
26,225,0.75
141,373,0.5
144,97,0.5
177,226,0.25
107,404,0.5
81,418,1.0
155,259,0.75
141,411,0.75
60,91,0.5
162,393,0.5
86,347,0.0
4,111,1.0
163,346,0.5
145,435,0.25
191,219,0.25
139,205,0.0
237,72,0.0
193,19,0.25
143,310,1.0
115,24,0.0
5,145,0.75
168,309,0.5
119,242,0.25
44,147,0.25
103,38,0.25
169,250,0.5
210,69,0.25
292,60,0.75
187,46,0.75
53,138,0.0
59,70,0.75
221,71,0.25
58,135,0.5
113,261,0.75
43,122,0.75
7,163,0.25
84,379,0.25
205,404,0.75
141,108,1.0
226,43,0.75
116,301,1.0
234,311,0.75
164,7,1.0
253,337,0.75
206,165,0.25
291,238,0.25
285,370,0.75
105,212,1.0
117,400,0.75
59,205,0.5
76,49,0.0
51,60,0.75
49,333,0.25
271,163,1.0
102,2,0.25
103,118,0.5
34,186,0.5
299,377,1.0
242,333,0.0
134,271,0.0
264,304,1.0
292,225,0.75
160,15,1.0
124,310,0.5
38,352,0.25
97,246,0.25
277,46,0.25
73,285,0.5
81,316,0.25
51,167,0.25
162,253,0.75
35,84,0.5
221,65,0.75
166,231,0.5
0,1,0.25
290,135,0.75
123,433,0.25
130,63,0.0
132,390,0.75
77,53,0.75
213,363,0.75
164,349,0.25
36,1,1.0
131,108,0.5
39,203,0.75
126,403,0.75
275,273,0.0
28,148,0.5
150,371,1.0
190,371,0.5
139,110,0.0
260,117,0.5
150,249,0.75
107,239,1.0
30,242,1.0
95,289,0.0
120,338,0.5
207,196,0.0
117,48,0.5
206,52,0.5
266,417,1.0
138,109,0.25
54,298,0.5
33,256,0.75
71,244,0.75
18,307,0.75
90,163,0.25
93,55,0.75
24,62,1.0
227,271,0.5
289,406,0.25
26,9,0.5
295,247,0.5
239,436,0.5
239,267,0.25
162,286,0.75
275,205,0.0
219,8,1.0
261,370,0.25
243,365,0.25
258,184,0.0
282,273,1.0
236,118,0.0
181,335,1.0
261,301,1.0
189,167,0.0
142,111,0.25
1,48,0.75
2,60,1.0
288,235,0.75
107,11,0.5
44,187,0.75
96,408,0.75
267,114,0.25
282,4,1.0
42,419,0.25
16,166,1.0
184,66,0.25
58,387,0.0
246,412,1.0
187,419,0.75
257,67,0.5
19,229,0.5
4,123,0.75
93,62,0.5
16,34,0.75
272,228,0.75
297,146,1.0
240,151,0.0
252,73,0.0
16,54,0.25
289,148,0.5
8,185,0.75
51,210,1.0
175,31,1.0
277,399,1.0
203,55,0.25
34,161,0.25
108,153,1.0
80,27,0.75
125,337,1.0
128,55,0.5
119,404,0.75
70,57,0.25
220,43,0.5
106,220,0.25
43,289,0.5
265,178,0.75
190,265,1.0
251,8,0.0
171,390,0.5
166,403,0.25
75,65,0.0
87,336,0.75
45,133,0.25
156,104,0.5
214,35,0.0
175,47,0.0
287,74,0.5
165,14,1.0
215,91,0.75
143,425,0.75
95,175,0.25
121,397,1.0
283,8,0.75
118,94,0.0
28,378,1.0
234,71,0.75
280,1,1.0
124,121,1.0
223,367,0.75
45,337,1.0
277,435,0.0
127,371,0.75
30,391,1.0
152,67,0.5
77,281,0.0
41,37,1.0
225,373,1.0
69,70,1.0
136,6,0.5
163,74,1.0
57,212,1.0
45,114,0.5
175,182,0.0
38,108,0.75
120,114,0.5
157,264,0.5
219,240,0.25
108,222,0.75
270,365,1.0
48,14,0.75
102,194,0.5
239,408,0.25
280,375,1.0
42,417,0.25
159,50,0.0
203,94,0.75
16,284,0.5
153,30,0.5
212,220,0.25
19,125,0.75
56,190,0.75
257,106,0.75
48,161,0.5
117,430,1.0
284,392,1.0
177,15,0.5
8,183,0.5
256,91,0.75
156,291,1.0
130,225,0.25
257,332,0.75
39,34,0.5
205,187,0.25
299,331,0.0
296,304,1.0
169,268,0.25
16,278,0.25
76,279,0.75
158,22,0.0
103,383,0.25
213,20,0.0
290,349,0.5
285,105,1.0
65,335,0.5
237,405,1.0
188,166,0.5
57,277,0.75
70,343,0.5
41,5,1.0
73,185,0.75
56,172,0.5
291,155,1.0
53,414,0.0
151,31,0.5
51,301,1.0
246,147,1.0
243,182,0.5
211,36,1.0
210,295,0.25
99,323,0.25
164,353,0.0
101,35,0.25
144,315,0.25
12,243,0.75
87,215,0.5
196,222,1.0
99,180,0.0
228,53,0.25
69,46,0.25
74,64,0.5
184,75,0.75
185,39,0.0
43,96,0.5
297,256,0.75
242,141,0.0
281,236,0.75
180,22,0.5
167,221,0.25
271,56,0.75
260,376,0.0
169,173,0.0
133,277,0.75
282,155,0.25
284,285,1.0
271,71,0.0
242,270,1.0
156,33,0.75
1,32,0.5
79,65,0.5
85,220,1.0
164,1,0.75
156,267,0.5
97,128,0.25
227,382,0.75
287,49,0.75
83,143,0.0
194,300,0.75
4,122,0.5
299,396,0.75
133,305,0.75
267,355,0.25
268,24,0.75
170,426,0.5
190,18,0.0
48,105,0.25
207,328,0.25
125,91,0.0
38,338,0.75
131,230,0.5
28,31,1.0
229,153,0.0
53,335,0.25
23,66,0.25
160,435,0.0
159,55,0.5
216,11,0.5
214,377,1.0
93,30,1.0
271,129,0.25
221,151,0.0
43,69,0.75
122,150,0.0
260,436,0.75
288,235,1.0
186,125,0.75
138,55,0.0
195,74,0.75
82,132,0.25
298,171,0.75
279,286,0.75
52,342,0.25
102,201,0.75
44,226,0.75
112,286,0.75
133,37,0.75
132,73,0.5
244,260,0.0
197,104,0.0
17,293,1.0
154,292,1.0
68,22,1.0
189,313,0.0
230,224,0.5
275,391,0.75
254,167,0.25
56,416,0.25
35,89,0.25
205,325,0.0
30,318,1.0
32,252,0.75
289,199,0.25
239,56,0.5
114,411,0.5
67,33,0.75
180,307,0.0
61,69,0.25
186,354,0.25
260,45,0.5
196,277,0.75
137,328,0.75
102,51,0.75
36,354,0.5
8,176,0.75
150,138,0.0
29,30,0.25
90,117,0.5
85,409,0.25
253,429,0.5
270,398,0.0
272,221,0.5
208,320,1.0
16,47,1.0
218,421,0.25
89,25,0.5
272,309,1.0
226,132,0.5
243,151,0.75
110,203,0.75
221,293,1.0
268,108,0.75
166,374,0.0
112,3,0.5
250,41,0.5
209,366,1.0
113,221,0.75
122,290,0.0
147,72,0.5
271,272,0.25
224,188,1.0
5,141,0.25
58,17,1.0
257,297,0.0
226,30,1.0
174,235,1.0
177,186,1.0
108,242,0.25
231,2,0.75
285,152,1.0
273,67,0.5
97,146,0.0
291,379,1.0
76,287,0.75
50,66,0.5
135,237,0.0
156,253,0.75
242,57,1.0
10,199,0.25
289,289,1.0
256,222,0.25
85,386,0.5
97,153,0.25
189,436,0.5
231,70,1.0
120,245,0.75
82,145,0.25
147,198,1.0
249,262,0.0
232,71,0.75
263,414,0.5
105,40,0.0
163,87,0.5
270,115,0.0
235,46,0.0
153,384,1.0
280,110,0.25
287,371,1.0
62,179,1.0
271,272,1.0
178,286,0.75
25,349,1.0
213,404,0.25
248,159,0.75
125,179,1.0
252,70,0.5
79,227,0.25
102,202,0.5
156,66,0.5
127,41,0.5
149,93,0.5
95,299,0.5
106,210,0.5
62,320,0.5
110,378,0.75
65,425,0.0
140,322,0.25
133,138,0.5
48,263,0.75
39,10,0.5
268,283,0.5
265,83,0.75
62,147,0.5
4,53,0.5
159,135,0.25
104,372,0.5
122,206,0.75
134,122,0.5
104,396,0.5
96,142,0.5
92,150,1.0
276,411,0.75
154,252,0.0
155,160,1.0
13,67,0.75
276,15,1.0
89,15,0.75
138,117,0.0
164,57,0.25
249,394,0.5
130,103,0.0
53,103,1.0
91,244,0.5
242,320,0.75
98,297,0.75
183,338,1.0
256,37,0.0
205,342,0.75
232,426,0.75
164,102,1.0
28,352,0.75
298,213,0.5
210,91,0.25
166,29,0.0
40,360,0.75
81,179,0.25
58,317,1.0
141,109,0.5
261,21,0.0
129,81,1.0
263,24,0.75
83,235,1.0
230,35,0.5
218,380,0.5
264,217,0.75
57,336,0.75
272,43,0.75
135,297,0.0
171,71,0.5
241,337,0.75
291,432,0.0
166,275,0.75
135,117,0.25
147,263,1.0
121,134,0.75
244,244,1.0
152,430,0.0
159,73,0.75
216,197,0.75
211,150,0.0
165,23,0.5
55,267,1.0
205,285,0.0
72,142,0.0
158,215,0.0
98,348,0.0
170,281,1.0
241,229,0.0
11,151,1.0
7,162,0.25
123,110,1.0
246,250,0.25
69,108,0.25
14,118,0.5
183,225,0.5
144,396,0.0
54,5,0.75
247,213,0.75
156,306,0.5
22,47,0.75
166,299,0.75
170,342,1.0
181,168,0.0
277,39,0.75
140,216,0.75
8,186,0.75
167,142,1.0
137,52,0.5
67,173,0.75
43,328,0.75
206,133,0.0
13,247,1.0
173,383,1.0
179,11,0.5
74,260,0.0
194,374,0.0
141,335,0.0
70,76,0.25
35,400,0.75
195,45,0.25
115,305,0.75
199,262,0.25
266,155,0.75
233,56,0.25
217,281,0.75
253,338,0.0
25,363,0.75
95,128,0.5
64,5,0.75
95,195,0.5
57,404,0.0
246,333,0.5
65,154,0.0
241,252,0.5
237,307,0.0
270,153,0.25
82,28,1.0
282,331,0.0
166,413,0.75
32,187,1.0
17,268,0.75
25,94,1.0
116,294,0.25
239,188,1.0
243,239,0.75
156,296,0.0
140,164,0.5
178,269,0.75
144,320,0.0
158,22,0.75
121,207,0.25
285,349,1.0
143,203,0.75
97,328,1.0
178,309,0.5
251,339,1.0
104,406,1.0
159,264,1.0
143,36,0.75
223,200,0.0
189,100,0.25
222,14,0.75
224,38,0.5
217,281,0.0
190,318,1.0
4,104,1.0
48,379,0.75
273,108,0.5
119,230,0.5
222,334,0.0
82,337,0.5
32,353,0.75
85,413,0.25
121,137,0.75
123,180,0.25
193,308,0.25
248,372,0.75
209,162,0.0
298,3,0.0
195,435,0.25
151,383,1.0
254,329,0.0
146,306,0.25
169,78,0.0
194,32,0.25
98,433,0.75
134,180,0.0
82,11,0.75
22,302,1.0
53,119,1.0
105,353,0.75
158,365,0.75
283,104,0.0
224,10,0.5
198,208,0.5
84,394,0.5
120,277,0.5
221,127,1.0
262,177,1.0
274,96,0.0
268,164,0.25
98,349,1.0
266,29,0.5
172,109,0.0
16,76,0.75
175,149,0.75
207,18,0.0
88,315,0.75
18,77,0.25
292,411,0.25
43,57,0.25
218,65,0.25
164,235,1.0
145,59,0.5
239,428,1.0
281,270,0.0
296,328,0.75
94,225,0.25
226,80,0.5
281,424,1.0
67,221,0.5
159,247,0.0
105,213,1.0
173,56,0.0
181,178,0.75
248,413,1.0
17,297,0.5
134,362,0.25
127,86,0.0
177,72,0.25
243,180,0.5
284,247,0.25
97,37,0.0
153,88,0.5
167,134,0.75
118,288,0.75
57,106,0.75
178,259,1.0
47,85,0.25
194,123,0.0
279,169,0.0
194,312,0.5
45,37,0.75
200,399,0.5
9,207,0.75
206,274,0.75
203,149,1.0
271,151,0.75
58,158,0.0
32,23,0.75
132,145,0.75
240,294,0.25
243,178,0.5
220,67,0.75
146,21,0.0
19,305,0.5
94,136,0.75
173,149,0.25
114,296,0.75
145,90,0.5
224,175,1.0
32,101,1.0
192,31,0.25
283,143,0.0
2,78,0.5
27,243,1.0
31,334,0.5
1,41,1.0
159,30,0.5
284,329,0.0
2,74,0.75
250,264,0.0
205,316,0.5
109,299,0.75
58,142,1.0
112,146,1.0
247,137,1.0
202,420,0.0
224,256,0.25
134,26,0.25
115,281,0.0
276,342,0.25
247,390,0.75
86,392,0.75
31,261,0.5
170,89,0.0
109,209,0.75
26,366,1.0
90,279,0.25
120,68,0.5
274,323,1.0
125,29,0.0
219,202,0.0
196,244,1.0
91,130,0.0
39,412,0.25
200,408,0.5
262,256,0.0
38,409,0.75
263,391,0.0
77,259,1.0
64,177,0.25
264,260,0.75
283,217,0.25
259,388,0.0
43,393,0.5
39,134,0.25
232,324,1.0
227,378,0.0
283,376,0.25
209,392,0.75
238,144,1.0
49,382,0.0
88,107,0.5
281,356,0.75
287,182,1.0
137,421,0.0
9,194,0.5
255,0,0.75
139,230,0.25
85,390,0.0
12,238,1.0
10,179,0.25
116,311,1.0
246,386,0.5
35,75,0.75
220,316,0.5
271,233,1.0
287,160,0.0
39,208,1.0
87,86,0.5
46,250,1.0
170,104,0.75
257,236,0.0
97,318,0.75
11,226,1.0
212,142,0.0
233,102,0.0
232,395,0.0
16,66,1.0
0,9,1.0
125,37,1.0
13,64,0.25
164,384,1.0
109,340,0.0
5,143,0.25
166,153,0.0
52,119,0.75
63,138,0.75
43,12,0.25
103,288,1.0
32,76,1.0
149,51,0.25
201,254,0.75
282,367,0.25
223,173,1.0
64,168,1.0
42,46,0.75
91,254,1.0
244,3,0.0
214,326,0.25
203,211,0.0
174,267,0.75
134,321,0.25
33,43,0.75
262,162,1.0
207,427,0.75
72,372,0.25
93,39,0.25
24,119,0.5
18,302,0.5
78,46,1.0
125,31,0.75
154,269,0.5
223,431,0.25
58,30,0.0
241,180,1.0
263,94,0.0
280,170,0.5
187,391,0.0
27,77,0.75
67,328,1.0
91,124,1.0
251,282,0.5
153,211,0.75
109,340,0.5
73,17,0.75
266,225,0.25
274,353,0.25
49,294,0.25
118,224,0.0
85,353,1.0
189,12,1.0
299,187,0.75
248,422,0.25
170,303,0.0
229,189,0.75
12,240,0.25
149,265,1.0
141,282,0.25
235,65,0.0
207,23,0.75
33,158,0.75
269,34,0.75
268,110,1.0
252,137,0.5
95,26,0.0
58,107,1.0
62,112,0.5
299,72,1.0
129,91,0.25
41,171,0.5
142,98,0.5
282,249,0.5
10,217,0.25
267,430,0.25
135,425,0.5
113,370,1.0
91,247,0.5
57,36,0.5
90,169,0.0
67,218,0.0
111,274,0.5
126,2,0.25
241,311,1.0
34,2,0.75
215,71,1.0
290,380,0.75
262,224,0.25
292,91,0.75
51,108,0.25
292,227,1.0
4,125,0.5
32,390,1.0
53,77,0.25
166,108,0.0
4,103,0.25
132,271,1.0
186,200,1.0
256,84,0.25
154,152,0.0
212,293,1.0
135,7,0.75
183,211,0.0
196,206,0.5
166,422,1.0
241,19,1.0
101,201,1.0
144,92,0.25
5,130,0.5
156,416,0.0
266,224,1.0
75,351,0.0
250,52,0.5
34,284,0.5
231,342,0.0
20,330,0.5
93,349,0.5
175,81,0.5
127,127,0.25
168,414,1.0
73,93,1.0
112,136,1.0
199,158,0.75
190,168,0.5
263,119,0.25
161,108,0.25
148,315,1.0
54,430,0.25
34,1,0.75
7,171,0.75
13,99,0.25
163,133,0.75
41,93,0.75
272,25,0.75
64,388,0.5
66,199,1.0
41,58,0.25
82,330,0.0
221,142,0.75
246,393,0.5
138,163,0.25
192,225,0.75
15,107,0.25
155,253,1.0
265,339,0.75
105,46,0.5
183,220,0.0
24,349,0.25
191,195,0.0
164,382,0.75
29,331,0.75
212,308,0.5
257,218,0.75
58,29,1.0
287,362,0.75
233,384,0.75
12,172,1.0
209,226,1.0
37,23,0.75
284,303,0.75
9,201,1.0
203,275,1.0
256,318,0.5
79,379,0.0
11,231,1.0
201,274,0.25
111,131,0.25
82,419,0.0
57,369,1.0
114,129,0.5
28,142,0.25
285,281,0.75
155,108,0.0
138,238,0.25
158,357,1.0
293,394,0.75
269,385,1.0
32,47,0.25
282,24,0.75
263,174,0.5
288,257,0.25
210,159,1.0
146,348,0.25
145,346,0.25
253,331,1.0
297,21,1.0
221,202,0.5
19,325,0.5
242,88,0.0
60,7,0.75
111,250,0.75
159,140,0.5
78,157,1.0
178,95,0.5
236,14,0.5
141,222,0.75
93,65,1.0
103,167,0.5
164,111,0.5
263,128,1.0
220,95,0.5
74,290,0.0
122,309,0.5
296,222,0.75
296,240,0.75
77,435,0.75
89,354,0.25
134,414,0.75
14,110,0.75
104,256,0.75
94,259,0.75
0,10,0.5
287,41,0.75
66,363,1.0
279,287,0.25
115,175,1.0
28,239,0.25
40,125,1.0
48,359,0.25
139,202,0.0
272,378,0.75
233,147,0.75
121,320,0.5
87,289,0.5
241,46,1.0
237,287,0.75
211,48,1.0
83,256,0.5
230,213,0.0
158,4,0.75
0,2,1.0
151,426,1.0
285,12,0.25
98,347,0.25
185,56,0.0
34,365,0.25
222,371,0.75
58,190,0.0
78,187,0.0
258,72,0.5
144,39,0.5
6,154,0.5
158,113,0.25
1,11,0.5
255,227,0.25
32,392,0.25
116,145,0.75
291,30,0.5
108,349,1.0
245,57,0.75
62,20,1.0
265,432,1.0
285,425,0.5
91,149,0.5
270,234,0.25
106,150,0.25
137,137,0.25
100,409,0.5
65,424,0.75
52,61,1.0
200,318,1.0
279,108,0.0
11,230,0.25
167,422,0.5
16,209,0.25
111,396,0.75
161,62,0.25
55,192,0.5
32,83,0.5
54,297,0.0
33,208,0.5
85,367,0.75
242,7,0.0
101,415,0.25
270,99,0.5
172,72,0.75
36,50,0.5
270,394,0.75
248,224,0.0
4,110,1.0
13,207,1.0
273,104,0.75
254,290,0.5
268,10,0.0
257,235,0.25
180,279,0.0
76,243,0.0
18,305,0.25
280,422,0.5
92,109,0.75
147,264,0.0
214,172,0.75
102,316,0.75
277,177,0.0
71,322,0.75
48,347,0.5
282,82,0.5
160,172,0.5
191,136,0.5
45,159,0.25
131,33,0.5
42,218,0.5
262,49,0.0
114,90,0.5
236,207,0.5
257,183,0.0
209,252,0.0
119,220,0.25
183,56,0.25
116,152,0.75
85,124,0.5
60,197,0.75
254,144,0.25
39,298,0.5
80,329,0.75
193,21,0.5
143,64,0.5
265,1,0.25
175,160,1.0
289,353,1.0
161,50,0.25
104,129,0.75
191,48,0.75
37,67,0.5
184,250,0.25
114,111,0.25
145,231,0.0
180,192,0.5
171,156,0.75
238,3,0.25
245,183,0.25
137,58,0.5
118,308,1.0
17,295,1.0
64,148,0.5
112,194,0.25
227,58,0.75
111,247,1.0
218,6,0.25
53,429,0.0
166,95,0.5
2,66,0.75
94,56,0.5
142,82,1.0
214,207,0.25
35,382,0.25
244,209,1.0
294,200,0.5
224,144,0.75
62,21,0.0
16,163,1.0
22,45,1.0
98,420,0.0
257,1,0.5
23,92,1.0
269,410,0.75
252,112,0.25
27,181,0.25
2,64,0.25
194,54,0.0
177,241,0.5
133,302,0.75
143,132,0.0
113,265,0.25
186,162,0.25
41,106,0.25
290,232,0.0
290,53,0.5
27,261,1.0
75,1,0.0
115,91,0.5
25,360,0.25
213,83,1.0
75,150,0.5
270,191,1.0
126,367,1.0
286,8,1.0
46,366,0.25
44,416,1.0
265,38,0.25
219,225,0.5
67,386,1.0
66,26,1.0
185,71,0.5
162,34,0.0
215,436,0.75
197,261,0.5
257,88,0.25
28,334,0.5
4,89,0.5
98,423,0.75
83,13,0.75
276,8,0.5
98,198,0.0
1,34,0.5
226,63,0.25
5,86,0.25
107,379,0.5
133,422,0.0
53,101,0.0
208,227,0.0
209,181,0.75
99,410,0.0
75,42,0.25
71,374,0.25
167,249,0.75
226,309,1.0
295,95,0.75
29,385,1.0
280,25,0.25
110,6,1.0
195,382,1.0
229,166,1.0
102,196,1.0
105,210,0.75
240,93,1.0
168,214,0.5
146,136,0.25
63,372,0.0
263,413,0.25
252,357,0.75
217,343,1.0
124,228,0.75
145,46,0.25
275,251,0.75
29,120,0.5
75,347,0.0
210,110,0.5
146,394,0.0
77,187,0.5
285,60,0.75
237,212,0.5
254,424,0.25
63,401,1.0
129,290,0.5
119,395,1.0
113,286,0.5
102,388,0.5
274,38,0.25
95,357,0.25
275,55,0.75
77,44,0.75
294,30,0.25
272,184,1.0
142,362,0.5
123,102,0.5
15,274,0.25
121,179,0.75
282,347,0.25
152,249,0.25
117,39,0.25
282,322,0.0
228,278,0.75
260,108,0.0
288,200,0.5
209,354,0.25
229,112,0.75
299,406,0.5
183,46,0.5
94,167,0.75
200,173,0.25
30,97,0.25
52,133,0.0
259,90,0.0
29,382,0.75
225,271,0.5
249,318,1.0
292,300,1.0
205,366,1.0
262,138,0.5
55,216,1.0
169,122,0.25
66,249,0.5
55,225,0.25
89,373,0.5
237,132,0.0
273,35,0.5
237,103,0.75
181,322,0.75
189,409,0.5
61,342,0.5
185,397,0.5
241,119,0.75
66,36,0.0
71,377,0.75
174,176,1.0
117,104,0.75
9,1,0.5
67,404,1.0
9,83,0.5
298,197,0.5
230,11,0.25
144,187,1.0
213,242,0.75
125,12,0.25
10,88,0.5
114,29,1.0
193,6,0.0
195,92,0.25
66,358,0.0
178,350,0.25
230,227,0.5
219,187,0.0
259,11,1.0
84,10,0.75
295,102,0.25
296,160,0.75
190,323,0.25
281,57,0.5
21,334,0.75
42,30,0.5
118,72,0.5
31,175,1.0
51,65,1.0
12,241,0.5
130,9,0.75
145,404,0.0
181,13,1.0
239,86,0.5
5,88,1.0
93,3,0.5
267,3,1.0
11,228,1.0
165,1,0.25
133,420,0.5
133,68,0.0
126,341,0.5
273,208,0.75
123,284,0.25
254,355,0.25
229,46,0.75
290,265,1.0
84,289,1.0
81,123,0.75
249,211,0.75
37,89,0.75
232,177,1.0
256,233,0.5
186,63,0.5
235,242,0.5
171,415,0.0
98,283,0.75
104,214,0.0
97,361,0.25
116,26,0.75
199,298,0.25
274,247,0.0
71,307,0.0
48,373,0.0
287,210,0.0
197,157,0.5
287,340,0.0
115,342,0.0
27,1,0.75
194,131,1.0
211,313,0.5
256,314,0.75
30,37,1.0
67,425,0.75
53,10,0.75
241,370,0.25
29,3,0.25
144,394,0.25
27,376,1.0
8,190,1.0
235,263,0.25
249,408,1.0
286,308,1.0
267,106,0.75
167,268,0.0
56,377,0.75
104,27,0.5
220,19,0.25
167,118,1.0
247,135,1.0
139,260,0.5
250,391,0.0
29,234,0.75
28,106,0.75
150,114,0.75
195,418,1.0
168,347,0.0
76,281,0.5
296,267,0.75
255,105,1.0
106,434,0.25
178,128,0.0
18,21,0.75
13,25,1.0
73,383,0.0
6,156,0.5
263,50,0.5
255,339,0.75
249,201,0.75
169,77,0.25
32,299,0.5
53,304,0.0
207,380,0.25
212,139,1.0
123,161,0.5
275,405,0.25
191,260,1.0
212,106,0.25
167,92,0.5
172,290,0.5
242,119,0.0
88,136,1.0
85,93,1.0
19,303,1.0
292,259,0.0
74,355,0.0
162,96,0.25
26,28,0.5
240,346,0.75
261,286,0.0
190,281,0.0
34,390,0.25
135,251,0.75
189,71,0.25
25,323,1.0
204,331,0.5
222,363,1.0
297,342,1.0
67,280,0.5
274,226,0.0
160,218,1.0
13,81,0.25
63,336,0.5
34,57,0.75
133,431,0.5
185,340,0.25
124,365,0.0
226,20,1.0
109,315,0.25
55,171,0.75
36,34,0.25
56,14,0.75
292,244,0.25
158,172,0.25
95,433,0.25
169,363,0.5
298,138,0.5
191,162,0.0
185,102,0.75
209,4,0.0
7,12,0.5
255,187,1.0
95,187,1.0
75,307,1.0
217,385,0.5
244,21,1.0
35,360,0.5
164,3,0.75
55,368,0.75
16,140,0.5
223,168,0.0
264,295,1.0
273,272,0.75
79,41,0.5
230,141,0.0
159,357,0.25
5,9,0.25
78,242,0.5
67,328,0.75
223,232,1.0
10,221,0.5
205,31,1.0
210,101,0.25
111,65,0.75
116,81,0.0
143,294,0.5
88,416,0.25
18,185,0.5
282,260,0.75
36,365,0.25
133,435,1.0
13,46,0.5
119,195,0.5
209,419,0.0
169,4,0.0
31,5,1.0
73,109,0.75
52,10,0.25
229,101,0.5
226,291,0.5
35,333,0.5
35,103,0.75
294,3,0.0
194,201,0.75
84,198,0.0
80,266,1.0
167,81,0.5
7,165,0.25
209,177,0.5
228,431,0.0
152,7,0.75
181,346,0.75
215,376,0.75
78,77,1.0
52,166,0.25
288,119,0.75
110,43,1.0
221,250,0.0
286,394,1.0
71,209,0.5
29,297,0.25
238,157,1.0
242,265,0.5
226,415,0.75
207,18,0.75
45,30,1.0
280,205,0.25
22,312,0.75
240,168,0.75
67,329,0.5
232,323,0.5
186,400,0.75
64,419,0.75
39,238,0.5
293,348,0.5
66,423,0.75
184,181,1.0
113,119,0.25
132,78,0.25
150,129,1.0
98,375,1.0
267,102,0.5
164,368,0.5
157,316,1.0
61,206,0.25
191,208,0.0
186,95,0.5
284,214,0.75
76,71,1.0
127,256,0.25
166,306,0.5
34,25,0.75
167,60,0.75
48,221,0.0
176,79,1.0
276,258,0.75
187,142,0.25
280,184,1.0
182,282,0.25
53,239,0.25
215,55,0.5
239,383,0.0
249,312,0.75
280,78,0.5
275,55,0.25
67,195,0.75
257,401,1.0
285,277,1.0
259,242,0.5
63,137,0.75
299,250,0.0
60,143,0.5
175,294,0.5
100,195,1.0
74,336,1.0
192,286,0.25
105,352,0.5
211,53,1.0
33,355,0.5
228,31,0.75
276,136,0.25
222,167,0.0
162,92,0.25
269,385,0.0
45,8,1.0
277,224,1.0
197,158,0.0
183,150,0.25
136,267,0.0
170,6,0.0
68,303,0.5
28,60,0.5
88,69,1.0
103,333,0.25
22,55,0.5
138,330,0.0
207,383,0.75
119,348,0.5
170,44,0.75
114,222,1.0
124,201,0.5
44,154,0.5
205,414,0.5
3,86,1.0
247,390,1.0
39,316,0.25
228,208,0.25
173,427,0.5
160,309,0.25
181,283,0.25
292,159,0.5
78,298,0.25
154,208,0.0
107,105,1.0
129,156,1.0
76,134,0.5
179,45,0.75
100,429,0.0
119,145,1.0
163,69,1.0
94,83,0.0
180,309,0.75
39,367,0.75
144,331,0.5
281,358,0.25
278,289,0.5
64,305,0.25
100,104,1.0
4,116,0.25
43,24,0.75
96,151,0.5
255,305,0.0
120,15,0.5
111,212,0.75
17,36,0.75
265,188,0.0
101,299,0.0
98,417,0.75
283,23,0.5
115,338,0.25
91,62,0.75
133,327,1.0
191,368,0.75
63,244,1.0
6,157,0.25
247,346,0.0
28,72,0.25
176,154,0.0
173,115,0.5
91,116,0.0
299,290,0.75
211,362,0.75
278,132,0.75
148,327,0.25
197,165,0.5
135,373,0.75
239,60,0.0
10,85,0.25
83,266,0.75
94,130,0.75
154,347,0.25
